icao_code,iata_code,manufacturer,name,description,wtc,service_ceiling,absolute_ceiling,rate_of_climb,approach_speed,cruise_speed,maximum_speed,never_exceed_speed,fuselage_height,fuselage_width,height,length,wing_area,wingspan,main_rotor_area,main_rotor_diameter,fuel_capacity,operating_range,ferry_range,oew,auw,mlw,mrw,mtow,mzfw,type_certificate
A002,,Irkut,A-002,G1P,L,9800,,980,,97,110,,,,3.20,4.98,,,83.32,10.30,150,330,,420,,,,750,,
A1,,Douglas,A-1 Skyraider,L1P,M,28500,,2850,,172,280,,,,4.78,11.84,37.19,15.25,,,1400,1144,,5429,8213,,,,,
A10,,Fairchild,A-10 Thunderbolt II,L2J,M,13700,,6000,,300,381,450,,,4.47,16.26,47.00,17.53,,,3992,250,2240,11321,13782,,,22700,,
A109,,AgustaWestland,A.109,H2T,L,,,1930,,154,168,168,,,3.50,11.45,,,95.03,11.00,,,503,1590,,,,2850,,
A119,,AgustaWestland,AW119,H1T,L,15000,,1790,,132,,152,,,3.60,12.92,,,92.10,10.83,605,515,,1483,,,,2850,,
A122,,Aerotec,A-122 Uirapuru,L1P,L,14800,,790,,100,121,182,,,2.70,6.60,13.50,8.50,,,140,430,,540,,,,840,,
A124,A4F,Antonov,An-124 Ruslan,L4J,H,39000,,,124,460,467,,,,21.08,69.10,628.00,73.30,,,348740,6200,7600,181000,214000,330000,,402000,,
A129,,AgustaWestland,A.129,H2T,L,15500,,2010,,124,150,,,,3.35,12.28,,,111.20,11.90,,280,540,2530,,,,4600,,
A139,,AgustaWestland,AW139,H2T,L,20000,,2140,,165,167,,,,4.98,16.66,,,149.57,13.80,1568,573,,,6400,,,,,https://www.easa.europa.eu/document-library/type-certificates/rotorcraft-cs-29-cs-27-cs-vlr/easar006
A140,A40,Antonov,An-140,L2T,M,24900,,1344,230,310,,,,,8.23,22.61,51.00,24.51,,,5463,2000,,12810,,19100,,19150,17800,
A148,A81,Antonov,An-148,L2J,M,40000,,,,470,,,,,8.19,29.13,87.32,28.91,,,15063,2400,,22000,,,,43700,,
A149,,AgustaWestland,AW149,H2T,M,,,,,150,170,,,,5.14,17.57,,,167.41,14.60,,432,,,8600,,,,,
A158,A58,Antonov,An-158,L2J,M,40000,,,,470,,,,,8.20,30.83,,28.56,,,15063,1300,,22000,,,,43700,,
A169,,AgustaWestland,AW169,H2T,L,,,,,,165,165,,,4.50,14.65,,,115.37,12.12,,440,,,2850,,,4800,,https://www.easa.europa.eu/document-library/type-certificates/rotorcraft-cs-29-cs-27-cs-vlr/easar509
A178,,Antonov,An-178,L2J,M,43000,,,,445,530,,,,10.14,32.95,,28.84,,,,2500,,,,,,52400,,
A189,,AgustaWestland,AW189,H2T,M,10000,,,,150,169,,,,5.06,17.60,,,167.42,14.60,2063,430,,,8300,,,,,https://www.easa.europa.eu/document-library/type-certificates/rotorcraft-cs-29-cs-27-cs-vlr/easar510
A19,,Aeroprakt,A-19,L1P,L,,,500,,65,81,,,,2.50,6.50,,10.60,,,60,,,,,,,700,,
A19N,31N,Airbus,A319neo,L2J,M,39100,,,,450,473,,3.95,3.95,11.76,33.84,,35.80,,,26730,3750,,,,62800,64400,64000,58800,https://www.easa.europa.eu/document-library/type-certificates/aircraft-cs-25-cs-22-cs-23-cs-vla-cs-lsa/easaa064
A20,,Douglas,A-20 Havoc,L2P,M,23700,,2000,,240,282,,,,5.52,14.63,43.10,18.68,,,1500,821,2000,7272,10944,,,,,
A20N,32N,Airbus,A320neo,L2J,M,39100,,,,450,473,,3.95,3.95,11.76,37.57,,35.80,,,26730,3500,,,,66300,73900,73500,62800,https://www.easa.europa.eu/document-library/type-certificates/aircraft-cs-25-cs-22-cs-23-cs-vla-cs-lsa/easaa064
A21,,Aeroprakt,A-21 Solo,L1P,L,10000,,1000,,81,102,,,,1.80,4.70,,6.60,,,22,200,,,,,,300,,
A21N,32Q,Airbus,A321neo,L2J,M,39100,,,,450,473,,3.95,3.95,11.76,44.51,,35.80,,,32940,4000,,,,73500,83400,83000,69500,https://www.easa.europa.eu/document-library/type-certificates/aircraft-cs-25-cs-22-cs-23-cs-vla-cs-lsa/easaa064
A22,,Sadler,A-22 Piranha,L1P,L,10500,,350,,,55,,,,1.42,5.33,10.80,8.83,,,,260,,114,250,,,,,
A225,A25,Antonov,An-225 Mriya,L6J,H,36000,,,,430,460,,,,18.10,84.00,905.00,88.40,,,375000,2500,8300,285000,,,,640000,,
A23,,Aeroprakt,A-23 Dragon,L1P,L,13000,,,,70,97,,,,2.40,7.50,,9.80,,,75,380,,,,,,600,,
A25,,Aeroprakt,A-25 Breeze,A1P,L,12000,,980,,93,111,,,,2.50,7.90,,10.60,,,195,600,,,,,,1200,,
A27,,Aeroprakt,A-27,L1P,L,12000,,,,80,111,,,,2.40,6.30,,10.60,,,80,600,,,,,,600,,
A270,,Aero Vodochody,Ae 270 Ibis,L1T,L,29990,,1710,,270,,,,,4.78,12.23,21.00,13.82,,,1170,1610,,2300,3700,,,,,
A29,,Avantage,A-29,L1P,L,10000,,1000,,80,100,,,,3.00,6.60,,10.10,,,,,,,,,,800,,
A3,,Douglas,A-3 Skywarrior,L2J,M,41000,,,,520,530,,,,6.95,23.27,75.40,22.10,,,,1825,2520,17876,31751,,,37195,,
A306,AB6,Airbus,A300-600,L2J,H,,,,137,450,,,5.64,5.64,16.66,54.08,260.00,44.84,,,66881,4050,,88505,,,,171700,,https://www.easa.europa.eu/document-library/type-certificates/aircraft-cs-25-cs-22-cs-23-cs-vla-cs-lsa/easaa172
A30B,AB3,Airbus,A300B,L2J,H,,,,137,450,,,5.64,5.64,16.72,53.61,260.00,44.84,,,60588,2900,,88626,,,,165000,,https://www.easa.europa.eu/document-library/type-certificates/aircraft-cs-25-cs-22-cs-23-cs-vla-cs-lsa/easaa172
A31,,Avantage,A-31 Spectrum,L1P,L,13000,,,,90,120,,,,2.70,7.90,,13.60,,,,,,,,,,1400,,
A310,310,Airbus,A310,L2J,H,41100,,,139,459,482,,5.64,5.64,15.80,46.66,219.00,43.90,,,,3500,,,,,,144000,,https://www.easa.europa.eu/document-library/type-certificates/aircraft-cs-25-cs-22-cs-23-cs-vla-cs-lsa/easaa172
A318,318,Airbus,A318,L2J,M,39800,,,121,447,470,,3.95,3.95,12.79,31.45,122.40,34.10,,,24210,3100,,39500,,56000,59400,59000,53000,https://www.easa.europa.eu/document-library/type-certificates/aircraft-cs-25-cs-22-cs-23-cs-vla-cs-lsa/easaa064
A319,319,Airbus,A319,L2J,M,39100,,,126,447,470,,3.95,3.95,11.76,33.84,122.40,34.10,,,24210,3750,,40800,,61000,64400,64000,57000,https://www.easa.europa.eu/document-library/type-certificates/aircraft-cs-25-cs-22-cs-23-cs-vla-cs-lsa/easaa064
A320,320,Airbus,A320,L2J,M,39100,,,136,447,470,,3.95,3.95,11.76,37.57,122.40,34.10,,,24210,3300,,42600,,64500,73900,73500,60500,https://www.easa.europa.eu/document-library/type-certificates/aircraft-cs-25-cs-22-cs-23-cs-vla-cs-lsa/easaa064
A321,321,Airbus,A321,L2J,M,39100,,,140,447,470,,3.95,3.95,11.76,44.51,128.00,34.10,,,24050,3200,,48500,,77300,89400,89000,73300,https://www.easa.europa.eu/document-library/type-certificates/aircraft-cs-25-cs-22-cs-23-cs-vla-cs-lsa/easaa064
A33,,Aeroprakt,A-33 Dragon,L1P,L,12000,,1200,,108,140,,,,2.60,6.60,,9.50,,,130,800,,,,,,,,
A332,332,Airbus,A330-200,L2J,H,41450,,,136,470,,,5.64,5.64,17.38,58.82,361.60,60.30,,,139090,7250,,120600,,180000,,230000,168000,https://www.easa.europa.eu/document-library/type-certificates/aircraft-cs-25-cs-22-cs-23-cs-vla-cs-lsa/easaa004
A333,333,Airbus,A330-300,L2J,H,41450,,,137,470,,,5.64,5.64,16.83,63.66,361.60,60.30,,,139090,6350,,129400,,174000,,212000,164000,https://www.easa.europa.eu/document-library/type-certificates/aircraft-cs-25-cs-22-cs-23-cs-vla-cs-lsa/easaa004
A337,,Airbus,A330-743L Beluga XL,L2J,H,35200,,,,398,,,10.49,8.80,18.95,63.12,361.60,60.30,,,91250,2300,,127500,,187000,,227000,178000,https://www.easa.europa.eu/document-library/type-certificates/aircraft-cs-25-cs-22-cs-23-cs-vla-cs-lsa/easaa004
A338,338,Airbus,A330-800neo,L2J,H,41450,,,,,496,,5.64,5.64,17.38,58.82,465.00,64.00,,,139090,8150,,132000,,186000,,242000,172000,https://www.easa.europa.eu/document-library/type-certificates/aircraft-cs-25-cs-22-cs-23-cs-vla-cs-lsa/easaa004
A339,339,Airbus,A330-900neo,L2J,H,41450,,,,,496,,5.64,5.64,16.79,63.66,465.00,64.00,,,139090,7200,,135000,,191000,,242000,177000,https://www.easa.europa.eu/document-library/type-certificates/aircraft-cs-25-cs-22-cs-23-cs-vla-cs-lsa/easaa004
A342,342,Airbus,A340-200,L4J,H,41100,,,136,470,493,,5.64,5.64,16.83,59.39,363.10,60.30,,,138000,6700,,118000,,181000,,235500,169000,https://www.easa.europa.eu/document-library/type-certificates/aircraft-cs-25-cs-22-cs-23-cs-vla-cs-lsa/easaa015
A343,343,Airbus,A340-300,L4J,H,41450,,,138,470,493,,5.64,5.64,16.63,63.66,363.10,60.30,,,138000,7300,,131000,,186000,,235500,174000,https://www.easa.europa.eu/document-library/type-certificates/aircraft-cs-25-cs-22-cs-23-cs-vla-cs-lsa/easaa015
A345,345,Airbus,A340-500,L4J,H,41450,,,146,470,493,,5.64,5.64,17.11,67.33,437.30,63.45,,,219000,9000,,168000,,240000,,368000,225000,https://www.easa.europa.eu/document-library/type-certificates/aircraft-cs-25-cs-22-cs-23-cs-vla-cs-lsa/easaa015
A346,346,Airbus,A340-600,L4J,H,41450,,,153,470,493,,5.64,5.64,17.29,74.77,437.30,63.45,,,194375,7800,,174000,,265000,,365000,242000,https://www.easa.europa.eu/document-library/type-certificates/aircraft-cs-25-cs-22-cs-23-cs-vla-cs-lsa/easaa015
A35,,Avantage,A-35 Scanner,L1P,L,10000,,1200,,80,100,,,,3.00,6.70,,10.20,,,,480,,,,,,800,,
A359,359,Airbus,A350-900,L2J,H,43100,,,140,488,513,,6.09,5.96,17.05,66.80,,64.75,,,140795,8100,,142400,,205000,,268000,192000,https://www.easa.europa.eu/document-library/type-certificates/aircraft-cs-25-cs-22-cs-23-cs-vla-cs-lsa/easaa151
A35K,351,Airbus,A350-1000,L2J,H,41450,,,,488,513,,6.09,5.96,17.08,73.79,,64.75,,,158791,8700,,155000,,233000,,308000,220000,https://www.easa.europa.eu/document-library/type-certificates/aircraft-cs-25-cs-22-cs-23-cs-vla-cs-lsa/easaa151
A37,,Cessna,A-37 Dragonfly,L2J,L,41765,,6990,127,425,441,455,,,2.71,8.62,17.08,10.94,,,1920,400,879,2817,,,,6350,,
A388,388,Airbus,A380-800,L4J,H,43000,,,145,488,511,,,,24.09,72.72,,79.75,,,323546,8000,,277145,,386000,562000,560000,361000,https://www.easa.europa.eu/document-library/type-certificates/aircraft-cs-25-cs-22-cs-23-cs-vla-cs-lsa/easaa110
A3ST,ABB,Airbus,A300-600ST Beluga,L2J,H,35000,,,137,,450,,,,17.24,56.15,,44.84,,,23860,2501,,86500,,140000,155900,155000,130000,https://www.easa.europa.eu/document-library/type-certificates/aircraft-cs-25-cs-22-cs-23-cs-vla-cs-lsa/easaa014
A4,,Douglas,A-4 Skyhawk,L1J,M,,,5750,,,585,,,,4.62,12.23,24.00,8.38,,,,1008,2194,4469,7355,,,11113,,
A400,,Airbus Defence and Space,A400M Atlas,L4T,H,40000,,,,422,464,,,,14.70,45.10,225.10,42.40,,,63125,3450,4700,76500,120000,123000,,141000,,
A504,,Avro,504,L1P,L,16000,,700,,64,83,,,,3.18,8.97,31.00,10.97,,,116,250,,558,830,,,,,
A6,,Grumman,A-6 Intruder,L2J,M,42400,,4620,,412,560,700,,,4.93,16.69,49.14,16.15,,,9030,878,2818,12093,,,,27397,,
A743,,Antonov,An-74-300,L2J,M,33136,,,,324,378,,,,8.65,28.07,98.62,31.89,,,,,,19050,34500,,,,,
A748,HS7,Hawker Siddeley,HS 748,L2T,M,25000,,,94,244,,,,,7.57,20.42,77.00,31.23,,,6500,926,,12304,,,,21092,,
AA1,,Grumman American,AA-1,L1P,L,13750,,765,66,108,120,169,,,2.07,5.87,9.11,7.46,,,,424,,461,,,,680,,
AA37,,Aeroprakt,A-37,L2P,L,,,,,,,,,,3.70,7.20,,12.00,,,260,900,,,,,,1400,,
AA5,,Grumman American,AA-5,L1P,L,13800,,850,68,,143,,,,2.40,6.70,13.00,9.60,,,,686,,680,,,,1090,,
AB11,,Aero Boero,AB-115,L1P,L,,,1000,47,102,110,,,,2.10,7.27,16.47,10.72,,,130,,,530,,,,770,,
AB15,,Aero Boero,AB-150,L1P,L,,,,52,82,120,123,,,2.10,7.27,16.47,10.72,,,134,,,590,,,,1001,,
AB18,,Aero Boero,AB-180,L1P,L,23000,,,1025,109,121,132,,,2.05,7.08,17.41,10.78,,,200,640,,602,,,,890,,
AB95,,Aero Boero,AB-95,L1P,L,17100,,1000,34,86,111,,,,2.10,6.90,16.36,10.42,,,110,520,,422,,,,700,,
ADVN,,Adventure Air,Adventurer,A1P,L,15000,,1200,,110,137,,,,,7.77,16.63,10.92,,,230,850,,907,1512,,,,,
AEST,,Piper,PA-60 Aerostar,L2P,L,25000,,1840,104,210,266,,,,3.68,10.61,16.56,11.18,,,,890,,1939,2864,,,,,
AM3,,Aermacchi,AM.3 Bosbok,L1P,L,27600,,1400,,133,150,,,,2.72,8.73,19.04,11.73,,,,530,,1080,,,,1700,,
AMX,,AMX International,AMX,L1J,M,43000,,10260,,,569,,,,4.55,13.23,21.00,8.87,,,3555,480,1801,6700,10750,,,13000,,
AN12,ANF,Antonov,An-12,L4T,M,33500,,2000,127,310,360,,,,10.53,33.10,121.70,38.00,,,,3100,,28000,,,,61000,,
AN2,,Antonov,An-2,L1P,L,14800,,690,34,100,139,,,,4.10,12.40,71.52,18.20,,,1200,456,,3300,5440,,,,,
AN22,,Antonov,An-22 Antei,L4T,H,,,,,,400,,,,12.53,57.92,345.00,64.40,,,53750,5910,,114000,,,,250000,,
AN24,AN4,Antonov,An-24,L2T,M,27600,,375,,240,,,,,8.32,23.53,74.98,29.20,,,5550,1300,,13300,,,,21000,,
AN26,A26,Antonov,An-26,L2T,M,24600,,1600,121,240,,,,,8.58,23.80,,29.30,,,,1300,,15020,,,,24000,,
AN28,A28,Antonov,An-28,L2T,L,20000,,1640,,181,190,210,,,4.90,13.10,39.72,22.06,,,1960,737,,3900,,,,6500,,
AN3,,Antonov,An-3,L1T,L,14400,,980,,120,140,,,,4.23,14.00,71.51,18.18,,,,300,,,,,,5800,,
AN30,A30,Antonov,An-30,L2T,M,27200,,,,230,290,,,,8.32,24.26,75.00,29.20,,,,1420,,15590,,,,23000,,
AN32,A32,Antonov,An-32,L2T,M,31200,,,,250,290,,,,8.75,23.78,75.00,29.20,,,,1300,,16800,,,,27000,,
AN38,,Antonov,An-38,L2T,M,,,,,210,219,,,,4.60,15.67,,22.06,,,2763,890,,5300,,,,8800,,
AN70,,Antonov,An-70,L4T,M,39000,,4900,,400,420,,,,16.38,40.73,,44.06,,,,4300,,66230,,,,145000,,
AN72,AN7,Antonov,An-72,L2J,M,,,,97,,378,,,,8.65,28.07,98.62,31.89,,,,2336,,19050,34500,,,,,
AN8,,Antonov,An-8,L2T,M,31500,,1402,,260,330,,,,9.70,26.00,117.20,30.00,,,,1500,,21250,,,,40000,,
ANSN,,Avro,652 Anson,L2P,L,19000,,960,,137,163,,,,3.99,12.88,43.00,17.22,,,,570,,2438,,,,3629,,
AP20,,Aeroprakt,A-20 Vista,L1P,L,10000,,980,,76,86,,,,1.80,6.70,,11.40,,,38,210,,,,,,500,,
AP22,,Aeroprakt,A-22 Foxbat,L1P,L,12000,,1200,,95,102,,,,2.40,6.20,,9.50,,,90,500,,,,,,500,,
AP24,,Aeroprakt,A-24 Viking,A1P,L,10000,,780,,76,89,,,,2.40,7.10,,11.00,,,87,430,,,,,,800,,
AP26,,Aeroprakt,A-26 Vulcan,L2P,L,10000,,1900,,70,97,,,,1.90,6.70,,11.40,,,38,330,,,,,,600,,
AP28,,Aeroprakt,A-28 Victor,L2P,L,10000,,980,,81,130,,,,2.30,7.00,,12.30,,,180,800,,,,,,1000,,
AP32,,Aeroprakt,A-32 Vixxen,L1P,L,10000,,,,115,125,,,,2.20,6.20,,9.40,,,95,470,,,,,,600,,
AP36,,Aeroprakt,A-36 Super Vulcan,L2P,L,13000,,2100,,75,90,,,,2.30,7.10,,11.00,,,140,520,,,,,,800,,
AS32,,Airbus Helicopters,H215,H2T,M,16990,,1460,,150,,177,4.94,3.79,4.97,16.79,,,206.12,16.20,,460,,4660,,,,8600,,https://www.easa.europa.eu/document-library/type-certificates/rotorcraft-cs-29-cs-27-cs-vlr/easar002
AS50,,Airbus Helicopters,H125,H1T,M,15100,,1670,,132,,155,3.14,1.87,3.15,10.93,,,89.75,10.70,,357,,1174,,,,2250,,https://www.easa.europa.eu/document-library/type-certificates/rotorcraft-cs-29-cs-27-cs-vlr/easar008
AS55,,Airbus Helicopters,AS355 Écureuil 2,H2T,L,11200,,1280,,121,,150,3.14,1.87,3.14,10.93,,,89.75,10.69,,380,,1305,,,,2540,,https://www.easa.europa.eu/document-library/type-certificates/rotorcraft-cs-29-cs-27-cs-vlr/easar146
AS65,,Airbus Helicopters,AS365 Dauphin,H2T,L,19242,,1750,,,165,,3.27,3.17,4.06,13.73,,,111.98,11.94,,,447,2389,,,,4300,,https://www.easa.europa.eu/document-library/type-certificates/rotorcraft-cs-29-cs-27-cs-vlr/easar105
AT43,AT4,ATR,42-300,L2T,M,25000,,,104,270,,,,,7.59,22.67,54.50,24.57,,,5625,459,,10285,,16000,16170,16150,14800,https://www.easa.europa.eu/document-library/type-certificates/aircraft-cs-25-cs-22-cs-23-cs-vla-cs-lsa/easaa084
AT44,,ATR,42-400,L2T,M,25000,,,104,261,,,,,7.59,22.67,54.50,24.57,,,5625,794,,11050,,17600,18070,17900,16300,https://www.easa.europa.eu/document-library/type-certificates/aircraft-cs-25-cs-22-cs-23-cs-vla-cs-lsa/easaa084
AT45,AT5,ATR,42-500,L2T,M,25000,,,104,300,,,,,7.59,22.67,54.50,24.57,,,5625,716,,11550,,18300,18770,18600,16700,https://www.easa.europa.eu/document-library/type-certificates/aircraft-cs-25-cs-22-cs-23-cs-vla-cs-lsa/easaa084
AT46,ATR,ATR,42-600,L2T,M,25000,,,,300,,,,,7.59,22.67,54.50,24.57,,,5625,716,,11550,,18300,18770,18600,16700,https://www.easa.europa.eu/document-library/type-certificates/aircraft-cs-25-cs-22-cs-23-cs-vla-cs-lsa/easaa084
AT72,AT7,ATR,72-200,L2T,M,25000,,,114,280,,,,,7.65,27.17,61.00,27.05,,,,,,,,21350,21530,21500,19700,https://www.easa.europa.eu/document-library/type-certificates/aircraft-cs-25-cs-22-cs-23-cs-vla-cs-lsa/easaa084
AT73,AT7,ATR,72-210,L2T,M,25000,,,,280,,,,,7.65,27.17,61.00,27.05,,,,,,,,21350,21530,21500,19700,https://www.easa.europa.eu/document-library/type-certificates/aircraft-cs-25-cs-22-cs-23-cs-vla-cs-lsa/easaa084
AT75,,ATR,72-500,L2T,M,25000,,,,280,,,,,7.65,27.17,61.00,27.05,,,,,,,,21850,22180,22000,20000,https://www.easa.europa.eu/document-library/type-certificates/aircraft-cs-25-cs-22-cs-23-cs-vla-cs-lsa/easaa084
AT76,,ATR,72-600,L2T,M,25000,,1355,,280,,,,,7.65,27.17,61.00,27.05,,,6250,825,,13311,,21850,22180,22000,20000,https://www.easa.europa.eu/document-library/type-certificates/aircraft-cs-25-cs-22-cs-23-cs-vla-cs-lsa/easaa084
ATP,ATP,British Aerospace,ATP,L2T,M,25000,,,,268,,,,,7.14,26.00,78.30,30.63,,,6364,985,2200,13595,,,,22930,,
AVIN,,Avro,594/616 Avian,L1P,L,12500,,600,,78,91,,,,2.59,7.39,22.80,8.53,,,,310,,456,691,,,,,
B06,,Bell,206,H1T,L,13500,,1350,,,120,130,,,2.84,12.09,,,81.00,10.16,,374,,1057,,,,1520,,
B06T,,Bell,206LT TwinRanger,H2T,L,15000,,1540,,,116,,,,2.90,9.50,,,,,,330,,,,,,1500,,
B105,,MBB,Bo 105,H2T,L,17000,,1575,,110,131,150,,,3.00,11.86,,,76.05,9.84,570,355,600,1276,,,,2500,,
B17,,Boeing,B-17 Flying Fortress,L4P,M,35600,,900,,158,249,,,,5.82,22.66,131.92,31.62,,,,1738,,16391,24500,,,29700,,
B2,,Northrop Grumman,B-2 Spirit,L4J,H,50000,,,140,487,550,,,,5.18,21.00,478.00,52.40,,,94688,6000,,71700,152200,,,170600,,
B212,BH2,Bell,212,H2T,L,17400,,1745,,100,,120,,,3.83,17.42,,,168.11,14.63,,237,,2962,,,,5080,,
B214,,Bell,214,H1T,M,16400,,,,140,,,,,3.91,14.63,,,182.44,15.00,,222,,3442,6260,,,6804,,
B222,,Bell,222,H2T,L,20000,,1600,,,133,,,,3.56,12.85,,,115.37,12.12,710,282,,2200,,,,3670,,
B23,,Douglas,B-23 Dragon,L2P,M,31600,,,,180,245,,,,5.63,17.80,92.30,28.04,,,,1200,,8659,12020,,,14696,,
B230,,Bell,230,H2T,L,15500,,1600,,,140,,,,3.56,12.88,,,128.68,12.80,710,378,,2312,,,,3810,,
B26,,Douglas,A-26 Invader,L2P,M,28500,,,,231,312,,,,5.64,15.00,50.00,21.00,,,3500,1400,2600,10147,12519,,,15876,,
B29,,Boeing,B-29 Superfortress,L4P,M,31850,,900,,190,310,,,,8.46,30.18,161.30,43.05,,,,2820,4900,33793,54431,,,60555,,
B37M,7M7,Boeing,737 MAX 7,L2J,M,41000,,,,453,,,4.01,3.76,12.30,35.56,127.00,35.92,,,25816,3850,,,,,,80286,,
B38M,7M8,Boeing,737 MAX 8,L2J,M,41000,,,,453,,,4.01,3.76,12.30,39.47,127.00,35.92,,,25816,3550,,45070,,69308,82417,82190,65952,https://www.easa.europa.eu/document-library/type-certificates/aircraft-cs-25-cs-22-cs-23-cs-vla-cs-lsa/easaima120
B39M,7M9,Boeing,737 MAX 9,L2J,M,41000,,,,453,,,4.01,3.76,12.30,42.16,127.00,35.92,,,25816,3550,,,,74343,88541,88314,70987,https://www.easa.europa.eu/document-library/type-certificates/aircraft-cs-25-cs-22-cs-23-cs-vla-cs-lsa/easaima120
B3JM,7MJ,Boeing,737 MAX 10,L2J,M,41000,,,,453,,,4.01,3.76,12.30,43.80,127.00,35.92,,,25816,3300,,,,,,89765,,
B407,,Bell,407,H1T,L,18690,,,,133,140,,,,3.56,12.70,,,89.40,10.67,,324,,,,,,2722,,
B412,,Bell,412,H2T,L,20000,,1350,,122,140,,,,4.57,17.09,,,154.40,14.02,,529,,3079,,,,5398,,
B427,,Bell,427,H2T,L,10000,,2000,,138,140,,,,3.20,11.43,,,99.90,11.28,,394,,1760,,,,2971,,
B429,,Bell,429 GlobalRanger,H2T,L,20000,,,,150,,155,,,4.04,12.70,,,94.60,11.00,814,390,,1925,,,,3175,,
B430,,Bell,430,H2T,L,14600,,1350,,,140,,,,3.73,13.44,,,128.68,12.80,710,324,,2406,,,,4218,,
B461,141,British Aerospace,BAe 146-100,L4J,M,35000,,,121,404,426,,,,8.61,26.19,77.30,26.34,,,11728,2090,,23820,,32817,34700,34473,29483,https://www.easa.europa.eu/document-library/type-certificates/aircraft-cs-25-cs-22-cs-23-cs-vla-cs-lsa/easaa182
B462,142,British Aerospace,BAe 146-200,L4J,M,35000,,,122,404,426,,,,8.61,28.55,77.30,26.34,,,11728,1970,,24600,,35153,40823,40596,32204,https://www.easa.europa.eu/document-library/type-certificates/aircraft-cs-25-cs-22-cs-23-cs-vla-cs-lsa/easaa182
B463,143,British Aerospace,BAe 146-300,L4J,M,35000,,,123,404,426,,,,8.61,31.00,77.30,26.34,,,11728,1800,,25640,,37648,43318,43091,35153,https://www.easa.europa.eu/document-library/type-certificates/aircraft-cs-25-cs-22-cs-23-cs-vla-cs-lsa/easaa182
B47G,,Bell,47/H-13 Sioux,H1P,L,,,860,,73,91,,,,2.82,9.63,,,100.80,11.33,,214,,859,,,,1338,,
B47J,,Bell,47J Ranger,H1P,L,11000,,870,,79,91,,,,2.83,9.87,,,100.80,11.33,180,224,,831,,,,1338,,
B505,,Bell,505 Jet Ranger X,H1T,L,18610,,,,,125,,,,3.25,12.93,,,99.90,11.28,,333,,989,,,,2030,,
B52,,Boeing,B-52 Stratofortress,L8J,H,50000,,6270,141,442,560,,,,12.40,48.50,,,,,181610,3890,8816,83250,120000,,,219600,,
B701,,Boeing,707-100,L4J,M,,,,,540,,,,3.76,12.70,44.22,226.30,39.88,,,65590,3000,,53500,,86300,117100,116100,77200,
B703,703,Boeing,707-300,L4J,H,,,,128,525,,,,3.76,12.80,46.61,283.00,44.42,,,90290,3750,,64600,,94000,143500,141700,86300,
B712,717,Boeing,717-200,L2J,M,37000,,,139,444,,,,3.34,9.00,37.80,,28.40,,,13954,1430,,30617,,45362,,49895,42638,
B720,B72,Boeing,720,L4J,M,42000,,,137,,520,,,3.76,12.62,41.50,,39.88,,,60900,2800,,50300,,,,104000,,
B721,721,Boeing,727-100,L3J,M,42000,,,124,495,519,,,,10.44,40.59,153.00,32.92,,,29069,2250,,39800,,,,76700,,
B722,722,Boeing,727-200,L3J,M,42000,,,133,515,519,,,,10.65,46.68,153.00,32.92,,,30620,1900,,44330,,,,78100,,
B731,731,Boeing,737-100,L2J,M,37000,,,140,430,473,,4.01,3.76,11.10,29.00,91.04,28.00,,,17865,1540,,28000,,48534,58331,58105,44905,https://www.easa.europa.eu/document-library/type-certificates/aircraft-cs-25-cs-22-cs-23-cs-vla-cs-lsa/easaima120
B732,732,Boeing,737-200,L2J,M,37000,,,129,430,473,,4.01,3.76,11.00,30.53,91.04,28.00,,,22596,2600,,29600,,48534,58331,58105,44905,https://www.easa.europa.eu/document-library/type-certificates/aircraft-cs-25-cs-22-cs-23-cs-vla-cs-lsa/easaima120
B733,733,Boeing,737-300,L2J,M,37000,,,135,430,473,,4.01,3.76,11.13,33.40,91.04,28.90,,,20100,2255,,32820,,52888,63502,63276,49713,https://www.easa.europa.eu/document-library/type-certificates/aircraft-cs-25-cs-22-cs-23-cs-vla-cs-lsa/easaima120
B734,734,Boeing,737-400,L2J,M,37000,,,139,430,473,,4.01,3.76,11.13,36.40,91.04,28.90,,,20100,2060,,34820,,56245,68265,68038,53070,https://www.easa.europa.eu/document-library/type-certificates/aircraft-cs-25-cs-22-cs-23-cs-vla-cs-lsa/easaima120
B735,735,Boeing,737-500,L2J,M,37000,,,128,430,473,,4.01,3.76,11.13,31.00,91.04,28.90,,,20100,2375,,31950,,49895,61915,61688,46720,https://www.easa.europa.eu/document-library/type-certificates/aircraft-cs-25-cs-22-cs-23-cs-vla-cs-lsa/easaima120
B736,736,Boeing,737-600,L2J,M,41000,,,125,453,,,4.01,3.76,12.57,31.24,124.60,34.32,,,26022,3235,,36378,,54657,66224,65997,51709,https://www.easa.europa.eu/document-library/type-certificates/aircraft-cs-25-cs-22-cs-23-cs-vla-cs-lsa/easaima120
B737,73G,Boeing,737-700,L2J,M,41000,,,130,450,,,4.01,3.76,12.57,33.63,124.60,34.32,,,26022,3010,,37648,,58604,70306,70080,55202,https://www.easa.europa.eu/document-library/type-certificates/aircraft-cs-25-cs-22-cs-23-cs-vla-cs-lsa/easaima120
B738,738,Boeing,737-800,L2J,M,41000,,,142,455,,,4.01,3.76,12.57,39.47,124.60,34.32,,,26022,2935,,41413,,66360,79333,79015,62731,https://www.easa.europa.eu/document-library/type-certificates/aircraft-cs-25-cs-22-cs-23-cs-vla-cs-lsa/easaima120
B739,739,Boeing,737-900,L2J,M,41000,,,141,455,,,4.01,3.76,12.57,42.11,124.60,34.32,,,29666,2950,,44677,,66814,79242,79015,63639,https://www.easa.europa.eu/document-library/type-certificates/aircraft-cs-25-cs-22-cs-23-cs-vla-cs-lsa/easaima120
B741,741,Boeing,747-100,L4J,H,45100,,,144,507,616,,,,19.30,70.66,511.00,59.60,,,183380,4620,,172100,,265350,334750,333400,238816,https://www.easa.europa.eu/document-library/type-certificates/aircraft-cs-25-cs-22-cs-23-cs-vla-cs-lsa/easaima196
B742,742,Boeing,747-200,L4J,H,45100,,,150,507,616,,,,19.30,70.66,511.00,59.60,,,204360,6560,,170100,,285762,379202,377842,247207,https://www.easa.europa.eu/document-library/type-certificates/aircraft-cs-25-cs-22-cs-23-cs-vla-cs-lsa/easaima196
B743,743,Boeing,747-300,L4J,H,45100,,,142,507,616,,,,19.30,70.66,511.00,59.60,,,204360,6330,,174000,,285762,379202,377842,247207,https://www.easa.europa.eu/document-library/type-certificates/aircraft-cs-25-cs-22-cs-23-cs-vla-cs-lsa/easaima196
B744,744,Boeing,747-400,L4J,H,45100,,,157,504,616,,,,19.40,70.66,525.00,64.40,,,241150,7670,,187000,,285762,397800,396893,246754,https://www.easa.europa.eu/document-library/type-certificates/aircraft-cs-25-cs-22-cs-23-cs-vla-cs-lsa/easaima196
B748,748,Boeing,747-8,L4J,H,43100,,,150,504,600,,,,19.40,76.25,554.00,68.40,,,238610,7730,,220100,,312072,449056,447696,295289,https://www.easa.europa.eu/document-library/type-certificates/aircraft-cs-25-cs-22-cs-23-cs-vla-cs-lsa/easaima196
B74D,74J,Boeing,747-400D,L4J,H,,,,,,,,,,,,,,,,,,,,,,,,,
B74R,74R,Boeing,747SR,L4J,H,,,,,,,,,,,,,,,,,,,,,,,,,
B74S,74L,Boeing,747SP,L4J,H,,,,140,,616,,,,19.90,56.30,511.00,59.60,,,190630,5830,,152900,,215465,318875,315700,192776,https://www.easa.europa.eu/document-library/type-certificates/aircraft-cs-25-cs-22-cs-23-cs-vla-cs-lsa/easaima196
B752,752,Boeing,757-200,L2J,M,42000,,,137,461,496,,,3.76,13.60,47.30,185.25,38.00,,,43490,3915,,58440,,90000,109315,108862,83500,https://www.easa.europa.eu/document-library/type-certificates/aircraft-cs-25-cs-22-cs-23-cs-vla-cs-lsa/easaima205
B753,753,Boeing,757-300,L2J,M,42000,,,143,461,496,,,3.76,13.60,54.40,185.25,38.00,,,43400,3400,,64340,,101605,124057,123830,95254,https://www.easa.europa.eu/document-library/type-certificates/aircraft-cs-25-cs-22-cs-23-cs-vla-cs-lsa/easaima205
B762,762,Boeing,767-200,L2J,H,43100,,,135,486,,,5.41,5.03,,48.50,283.30,47.60,,,63000,3900,,80100,,129274,175994,175540,117934,https://www.easa.europa.eu/document-library/type-certificates/aircraft-cs-25-cs-22-cs-23-cs-vla-cs-lsa/easaima035
B763,763,Boeing,767-300,L2J,H,43100,,,140,486,,,5.41,5.03,,54.90,283.30,47.60,,,63000,3900,,86100,,145149,185519,184612,130634,https://www.easa.europa.eu/document-library/type-certificates/aircraft-cs-25-cs-22-cs-23-cs-vla-cs-lsa/easaima035
B764,764,Boeing,767-400,L2J,H,43100,,,150,486,,,5.41,5.03,,61.40,290.70,51.90,,,91000,5625,,103900,,158757,204569,204116,149685,https://www.easa.europa.eu/document-library/type-certificates/aircraft-cs-25-cs-22-cs-23-cs-vla-cs-lsa/easaima035
B772,772,Boeing,777-200,L2J,H,43100,,,136,482,511,,6.20,6.20,18.50,63.73,427.80,60.93,,,117340,5240,,135850,,201848,248115,247207,190508,https://www.easa.europa.eu/document-library/type-certificates/aircraft-cs-25-cs-22-cs-23-cs-vla-cs-lsa/easaima003
B773,773,Boeing,777-300,L2J,H,43100,,,140,482,511,,6.20,6.20,18.50,73.86,427.80,60.93,,,171171,6030,,160530,,237682,300278,299370,224528,https://www.easa.europa.eu/document-library/type-certificates/aircraft-cs-25-cs-22-cs-23-cs-vla-cs-lsa/easaima003
B778,778,Boeing,777-8,L2J,H,43100,,,,,,,6.20,6.20,19.48,69.80,516.70,71.75,,,198000,8730,,,,,,351500,,
B779,779,Boeing,777-9,L2J,H,43100,,,,,,,6.20,6.20,19.68,76.73,516.70,71.75,,,198000,7285,,180000,,266000,,351500,256000,
B77L,77L,Boeing,777-200LR,L2J,H,43100,,,,482,511,,6.20,6.20,18.60,63.73,436.80,64.80,,,181283,8555,,145150,,223167,341101,340194,209106,https://www.easa.europa.eu/document-library/type-certificates/aircraft-cs-25-cs-22-cs-23-cs-vla-cs-lsa/easaima003
B77W,77W,Boeing,777-300ER,L2J,H,43100,,,149,482,511,,6.20,6.20,18.50,73.86,436.80,64.80,,,181283,7370,,167829,,251290,341101,340194,239250,https://www.easa.europa.eu/document-library/type-certificates/aircraft-cs-25-cs-22-cs-23-cs-vla-cs-lsa/easaima003
B788,788,Boeing,787-8 Dreamliner,L2J,H,43100,,,140,488,516,,5.94,5.77,16.92,56.72,377.00,60.12,,,126206,7355,,119950,,172365,228383,227930,161100,https://www.easa.europa.eu/document-library/type-certificates/aircraft-cs-25-cs-22-cs-23-cs-vla-cs-lsa/easaima115
B789,789,Boeing,787-9 Dreamliner,L2J,H,43100,,,140,488,516,,5.94,5.77,17.02,62.81,377.00,60.12,,,126372,7635,,128850,,192776,254692,254011,181436,https://www.easa.europa.eu/document-library/type-certificates/aircraft-cs-25-cs-22-cs-23-cs-vla-cs-lsa/easaima115
B78X,78J,Boeing,787-10 Dreamliner,L2J,H,41100,,,,488,516,,5.94,5.77,17.02,68.28,377.00,60.12,,,126372,6430,,135500,,201848,254692,254011,192777,https://www.easa.europa.eu/document-library/type-certificates/aircraft-cs-25-cs-22-cs-23-cs-vla-cs-lsa/easaima115
BA11,B11,BAC,111 One-Eleven,L2J,M,35000,,2750,,476,,,,,7.47,28.50,91.00,26.97,,,,720,,21007,,,,35600,,
BCAT,,Grumman,F8F Bearcat,L1P,L,40800,,4465,,,395,,,,4.22,8.61,22.70,10.92,,,,960,,3470,,,,6150,,
BCS1,CS1,Airbus,A220-100,L2J,M,41000,,,130,447,470,,,,11.50,35.00,112.30,35.10,,,21805,3400,,35220,,52390,61235,60781,50349,https://www.easa.europa.eu/document-library/type-certificates/aircraft-cs-25-cs-22-cs-23-cs-vla-cs-lsa/easaima570
BCS3,CS3,Airbus,A220-300,L2J,M,41000,,,135,447,470,,,,11.50,38.70,112.30,35.10,,,21508,3550,,37080,,58740,68039,67585,55792,https://www.easa.europa.eu/document-library/type-certificates/aircraft-cs-25-cs-22-cs-23-cs-vla-cs-lsa/easaima570
BE10,,Beechcraft,Model 100 King Air,L2T,L,24850,,2140,111,237,265,,,,4.70,12.17,26.00,14.00,,,,1325,,3212,,,,5352,,
BE17,,Beechcraft,Model 17 Staggerwing,L1P,L,25000,,1500,,176,184,,,,2.40,8.18,27.55,9.80,,,,582,,1152,1928,,,,,
BE18,,Beechcraft,Model 18 Twin Beech,L2P,L,26000,,1850,87,,196,,,,2.97,10.44,32.40,14.53,,,,1000,,2458,3402,,,,,
BE19,,Beechcraft,Model 19 Musketeer Sport,L1P,L,13000,,728,,102,127,,,,2.51,7.82,13.60,9.98,,,,676,,624,1021,,,,,
BE20,,Beechcraft,Model 200 King Air,L2T,L/M,35000,,,98,310,,,,,4.52,13.36,,17.65,,,,,1720,4005,,,,5670,,
BE23,,Beechcraft,Model 23 Musketeer,L1P,L,13000,,728,,102,127,,,,2.51,7.82,13.60,9.98,,,,676,,624,1089,,,,,
BE24,,Beechcraft,Model 24 Sierra,L1P,L,13000,,728,,102,127,,,,2.51,7.82,13.60,9.98,,,,676,,624,1157,,,,,
BE30,,Beechcraft,Model 300 King Air,L2T,L,35000,,,107,312,,,,,4.37,14.22,,17.65,,,,,2670,4516,,,,6804,,
BE33,,Beechcraft,Model 33 Debonair/Bonanza,L1P,L,18500,,1230,69,176,,,,,2.62,8.38,,10.21,,,,716,930,1142,1656,,,,,
BE35,,Beechcraft,Model 35 Bonanza,L1P,L,18500,,1230,72,176,,,,,2.62,8.38,,10.21,,,,716,930,1142,1656,,,,,
BE36,,Beechcraft,Model 36 Bonanza,L1P,L,18500,,1230,77,176,,,,,2.62,8.38,,10.21,,,,716,930,1142,1656,,,,,
BE40,,Beechcraft,Model 400 Beechjet,L2J,M,45000,,,100,447,468,,,,4.24,14.76,,13.36,,,,2160,,4763,,,,7394,,
BE4W,,Nextant Aerospace,400XT,L2J,M,,,,,,,,,,,,,,,,,,,,,,,,,
BE50,,Beechcraft,Model 50 Twin Bonanza,L2P,L,20000,,1450,,176,186,,,,3.45,9.60,25.70,13.79,,,680,1430,,1806,2858,,,,,
BE55,,Beechcraft,Model 55 Baron,L2P,L,19700,,1670,88,180,205,,,,2.92,8.53,18.51,11.53,,,510,942,,1432,,,,2313,,
BE56,,Beechcraft,Model 56 Turbo Baron,L2P,L,19700,,1670,91,180,205,,,,2.92,8.53,18.51,11.53,,,510,942,,1432,,,,,,
BE58,,Beechcraft,Model 58 Baron,L2P,L,19700,,1670,95,200,205,,,,2.92,8.53,18.51,11.53,,,510,942,,1432,,,,,,
BE60,,Beechcraft,Model 60 Duke,L2P,L,30000,,1601,98,178,248,,,,3.76,10.31,19.78,11.97,,,540,1227,,1939,,,,3073,,
BE65,,Beechcraft,Model 65 Queen Air,L2P,L,26800,,1275,87,159,215,,,,4.33,10.82,27.30,15.32,,,810,1317,,2394,,,,,,
BE70,,Beechcraft,Model 70 Queen Air,L2P,L,26800,,1275,87,159,215,,,,4.33,10.82,27.30,15.32,,,810,1317,,2394,,,,,,
BE76,,Beechcraft,Model 76 Duchess,L2P,L,19650,,1248,76,158,,171,,,2.90,8.85,16.80,11.58,,,380,780,,1116,,,,1769,,
BE77,,Beechcraft,Model 77 Skipper,L1P,L,12900,,720,63,105,,,,,2.41,7.32,12.10,9.14,,,,412,,499,,,,760,,
BE80,,Beechcraft,Model 80 Queen Air,L2P,L,26800,,1275,87,159,215,,,,4.33,10.82,27.30,15.32,,,810,1317,,2394,,,,3992,,
BE88,,Beechcraft,Model 88 Queen Air,L2P,L,26800,,1275,87,159,215,,,,4.33,10.82,27.30,15.32,,,810,1317,,2394,,,,3992,,
BE95,,Beechcraft,Model 95 Travel Air,L2P,L,,,,79,,,,,,,,,,,,,,,,,,,,,
BE99,,Beechcraft,Model 99 Airliner,L2T,L,,,,107,,,,,,,,,,,,,,,,,,,,,
BE9L,,Beechcraft,Model 90 King Air,L2T,L,,,,98,,,,,,,,,,,,,,,,,,,,,
BE9T,,Beechcraft,Model 90 King Air (F90),L2T,L,,,,108,,,,,,,,,,,,,,,,,,,,,
BLCF,74B,Boeing,747-400LCF Dreamlifter,L4J,H,,,,,,,,,,,,,,,,,,,,,,,,,
BMAN,,Australian Aircraft Kits,Bushman,L1P,L,,,,36,,,,,,,,,,,,,,,,,,,,,
BSCA,,Boeing,747SCA Shuttle Carrier,L4J,H,,,,,,,,,,,,,,,,,,,,,,,,,
BSTP,,Bell,214ST SuperTransport,H2T,M,,,,,,,,,,,,,,,,,,,,,,,,,
BT36,,Beechcraft,Model 36 Bonanza (G36),L1P,L,,,,,,,,,,,,,,,,,,,,,,,,,
BU31,,Bücker,Bü 131 Jungmann,L1P,L,,,,30,,,,,,,,,,,,,,,,,,,,,
BU33,,Bücker,Bü 133 Jungmeister,L1P,L,,,,30,,,,,,,,,,,,,,,,,,,,,
BU81,,Bücker,Bü 181 Bestmann,L1P,L,,,,30,,,,,,,,,,,,,,,,,,,,,
C02T,,Cessna,402 (turbine),L2T,L,,,,88,,,,,,,,,,,,,,,,,,,,,
C04T,,Cessna,404 (turbine),L2T,L,,,,,,,,,,,,,,,,,,,,,,,,,
C06T,,Cessna,206 (turbine),L1T,L,,,,74,,,,,,,,,,,,,,,,,,,,,
C07T,,Cessna,207 (turbine),L1T,L,,,,,,,,,,,,,,,,,,,,,,,,,
C101,,CASA,C-101,L1J,L,,,,,,,,,,,,,,,,,,,,,,,,,
C10T,,Cessna,P210 (turbine),L1T,L,,,,,,,,,,,,,,,,,,,,,,,,,
C120,,Cessna,120,L1P,L,,,,,,,,,,,,,,,,,,,,,,,,,
C125,,Northrop,C-125 Raider,L3P,M,,,,,,,,,,,,,,,,,,,,,,,,,
C130,LOH,Lockheed,C-130 Hercules,L4T,M,,,,129,,,,,,,,,,,,,,,,,,,,,
C133,,Douglas,C-133 Cargomaster,L4T,M,,,,,,,,,,,,,,,,,,,,,,,,,
C135,,Boeing,C-135 Stratolifter,L4J,H,,,,,,,,,,,,,,,,,,,,,,,,,
C140,,Cessna,140,L1P,L,,,,,,,,,,,,,,,,,,,,,,,,,
C141,,Lockheed,C-141 Starlifter,L4J,H,,,,129,,,,,,,,,,,,,,,,,,,,,
C14T,,Cessna,414 (turbine),L2T,L,,,,,,,,,,,,,,,,,,,,,,,,,
C15,,McDonnell Douglas,YC-15,L4J,M,,,,,,,,,,,,,,,,,,,,,,,,,
C150,,Cessna,150,L1P,L,,,,55,,,,,,,,,,,,,,,,,,,,,
C152,,Cessna,152,L1P,L,,,,56,,,,,,,,,,,,,,,,,,,,,
C162,,Cessna,162 Skycatcher,L1P,L,,,,61,,,,,,,,,,,,,,,,,,,,,
C17,,Boeing,C-17 Globemaster III,L4J,H,,,,,,,,,,,,,,,,,,,,,,,,,
C170,,Cessna,170,L1P,L,,,,59,,,,,,,,,,,,,,,,,,,,,
C172,CN1,Cessna,172 Skyhawk,L1P,L,,,,62,,,,,,,,,,,,,,,,,,,,,
C175,,Cessna,175 Skylark,L1P,L,,,,56,,,,,,,,,,,,,,,,,,,,,
C177,,Cessna,177 Cardinal,L1P,L,,,,52,,,,,,,,,,,,,,,,,,,,,
C180,,Cessna,180 Skywagon,L1P,L,,,,64,,,,,,,,,,,,,,,,,,,,,
C182,CN1,Cessna,182 Skylane,L1P,L,,,,,,,,,,,,,,,,,,,,,,,,,
C185,,Cessna,185 Skywagon,L1P,L,,,,64,,,,,,,,,,,,,,,,,,,,,
C188,,Cessna,188,L1P,L,,,,65,,,,,,,,,,,,,,,,,,,,,
C190,,Cessna,190,L1P,L,,,,,,,,,,,,,,,,,,,,,,,,,
C195,,Cessna,195 Businessliner,L1P,L,,,,,,,,,,,,,,,,,,,,,,,,,
C2,,Grumman,C-2 Greyhound,L2T,M,,,,,,,,,,,,,,,,,,,,,,,,,
C205,,Cessna,205,L1P,L,,,,52,,,,,,,,,,,,,,,,,,,,,
C206,,Cessna,206,L1P,L,,,,70,,,,,,,,,,,,,,,,,,,,,
C207,,Cessna,207,L1P,L,,,,102,,,,,,,,,,,,,,,,,,,,,
C208,CN1,Cessna,208 Caravan,L1T,L,,,,77,,,,,,,,,,,,,,,,,,,,,
C210,CN1,Cessna,210 Centurion,L1P,L,,,,,,,,,,,,,,,,,,,,,,,,,
C212,,Airbus Defence and Space,C212,L2T,M,,,,81,,,,,,,,,,,,,,,,,,,,,
C21T,,Cessna,421 Golden Eagle (turbine),L2T,L,,,,,,,,,,,,,,,,,,,,,,,,,
C240,,Cessna,T240 Corvalis TTx,L1P,L,,,,,,,,,,,,,,,,,,,,,,,,,
C25A,,Cessna,525A CitationJet CJ2,L2J,L,,,,114,,,,,,,,,,,,,,,,,,,,,
C25B,,Cessna,525B CitationJet CJ3,L2J,L,,,,108,,,,,,,,,,,,,,,,,,,,,
C25C,,Cessna,525C CitationJet CJ4,L2J,L,,,,111,,,,,,,,,,,,,,,,,,,,,
C25M,,Cessna,525 Citation M2,L2J,L,,,,100,,,,,,,,,,,,,,,,,,,,,
C295,,Airbus Defence and Space,C295,L2T,M,,,,180,,,,,,,,,,,,,,,,,20700,21050,21000,18500,https://www.easa.europa.eu/document-library/type-certificates/aircraft-cs-25-cs-22-cs-23-cs-vla-cs-lsa/easaa186
C303,,Cessna,T303 Crusader,L2P,L,,,,81,,,,,,,,,,,,,,,,,,,,,
C30J,,Lockheed Martin,C-130J Super Hercules,L4T,M,,,,,,,,,,,,,,,,,,,,,,,,,
C310,,Cessna,310,L2P,L,,,,82,,,,,,,,,,,,,,,,,,,,,
C320,,Cessna,320 Skyknight,L2P,L,,,,82,,,,,,,,,,,,,,,,,,,,,
C335,,Cessna,335,L2P,L,,,,,,,,,,,,,,,,,,,,,,,,,
C336,,Cessna,336 Skymaster,L2P,L,,,,,,,,,,,,,,,,,,,,,,,,,
C337,,Cessna,337 Super Skymaster,L2P,L,,,,70,,,,,,,,,,,,,,,,,,,,,
C340,,Cessna,340,L2P,L,,,,94,,,,,,,,,,,,,,,,,,,,,
C402,,Cessna,402,L2P,L,,,,90,,,,,,,,,,,,,,,,,,,,,
C404,,Cessna,404 Titan,L2P,L,,,,96,,,,,,,,,,,,,,,,,,,,,
C411,,Cessna,411,L2P,L,,,,94,,,,,,,,,,,,,,,,,,,,,
C414,,Cessna,414,L2P,L,,,,95,,,,,,,,,,,,,,,,,,,,,
C421,,Cessna,421 Golden Eagle,L2P,L,,,,96,,,,,,,,,,,,,,,,,,,,,
C425,,Cessna,425 Corsair/Conquest I,L2T,L,,,,98,,,,,,,,,,,,,,,,,,,,,
C441,,Cessna,441 Conquest II,L2T,L,,,,98,,,,,,,,,,,,,,,,,,,,,
C5,,Lockheed,C-5 Galaxy,L4J,H,,,,135,,,,,,,,,,,,,,,,,,,,,
C500,CNJ,Cessna,500 Citation I,L2J,L,,,,,,,,,,,,,,,,,,,,,,,,,
C501,,Cessna,501 Citation I/SP,L2J,L,,,,,,,,,,,,,,,,,,,,,,,,,
C510,CNJ,Cessna,510 Citation Mustang,L2J,L,,,,105,,,,,,,,,,,,,,,,,,,,,
C525,,Cessna,525 CitationJet,L2J,L,,,,108,,,,,,,,,,,,,,,,,,,,,
C526,,Cessna,526 CitationJet,L2J,L,,,,107,,,,,,,,,,,,,,,,,,,,,
C550,CNJ,Cessna,550 Citation II,L2J,L,,,,,,,,,,,,,,,,,,,,,,,,,
C551,,Cessna,551 Citation II/SP,L2J,L,,,,,,,,,,,,,,,,,,,,,,,,,
C55B,,Cessna,550B Citation Bravo,L2J,L,,,,,,,,,,,,,,,,,,,,,,,,,
C560,,Cessna,560 Citation V,L2J,M,,,,107,,,,,,,,,,,,,,,,,,,,,
C56X,CNJ,Cessna,560XL Citation Excel,L2J,M,,,,107,,,,,,,,,,,,,,,,,,,,,
C5M,,Lockheed,C-5M Super Galaxy,L4J,H,,,,,,,,,,,,,,,,,,,,,,,,,
C650,,Cessna,650 Citation III,L2J,M,,,,126,,,,,,,,,,,,,,,,,,,,,
C680,CNJ,Cessna,680 Citation Sovereign,L2J,M,,,,108,,,,,,,,,,,,,,,,,,,,,
C68A,,Cessna,680A Citation Latitude,L2J,M,,,,,,,,,,,,,,,,,,,,,,,,,
C700,,Cessna,700 Citation Longitude,L2J,M,,,,,,,,,,,,,,,,,,,,,,,,,
C72R,,Cessna,172RG Cutlass,L1P,L,,,,,,,,,,,,,,,,,,,,,,,,,
C750,CNJ,Cessna,750 Citation X,L2J,M,,,,112,,,,,,,,,,,,,,,,,,,,,
C77R,,Cessna,177RG Cardinal,L1P,L,,,,65,,,,,,,,,,,,,,,,,,,,,
C82R,,Cessna,R182 Skylane RG,L1P,L,,,,,,,,,,,,,,,,,,,,,,,,,
C82S,,Cessna,T182 Turbo Skylane,L1P,L,,,,,,,,,,,,,,,,,,,,,,,,,
C82T,,Cessna,TR182 Turbo Skylane RG,L1P,L,,,,,,,,,,,,,,,,,,,,,,,,,
C97,,Boeing,C-97 Stratofreighter,L4P,M,,,,105,,,,,,,,,,,,,,,,,,,,,
CAW,,Cessna,Model A,L1P,L,,,,,,,,,,,,,,,,,,,,,,,,,
CDC6,,Cessna,DC-6,L1P,L,,,,,,,,,,,,,,,,,,,,,,,,,
CL30,,Bombardier,Challenger 300,L2J,M,,,,117,,,,,,,,,,,,,,,,,15309,17532,17463,11839,https://www.easa.europa.eu/document-library/type-certificates/aircraft-cs-25-cs-22-cs-23-cs-vla-cs-lsa/easaima080
CL35,,Bombardier,Challenger 350,L2J,M,,,,,,,,,,,,,,,,,,,,,15309,17532,17463,11839,https://www.easa.europa.eu/document-library/type-certificates/aircraft-cs-25-cs-22-cs-23-cs-vla-cs-lsa/easaima080
CL60,CCJ,Bombardier,Challenger 600,L2J,M,,,,125,,,,,,,,,,,,,,,,,,,18643,,https://www.easa.europa.eu/document-library/type-certificates/aircraft-cs-25-cs-22-cs-23-cs-vla-cs-lsa/easaima023
CMAS,,Cessna,Airmaster,L1P,L,,,,,,,,,,,,,,,,,,,,,,,,,
CN35,,Airbus Defence and Space,CN235,L2T,M,,,,160,,,,,,,,,,,,,,,,,16500,,16500,,https://www.easa.europa.eu/document-library/type-certificates/aircraft-cs-25-cs-22-cs-23-cs-vla-cs-lsa/easaa186
CNBR,,English Electric,Canberra,L2J,M,,,,,,,,,,,,,,,,,,,,,,,,,
CNGP,,Cessna,NGP,L1P,L,,,,,,,,,,,,,,,,,,,,,,,,,
COL3,,Cessna,350,L1P,L,,,,78,,,,,,,,,,,,,,,,,,,,,
COL4,,Cessna,400,L1P,L,,,,78,,,,,,,,,,,,,,,,,,,,,
CONI,L49,Lockheed,C-121 Constellation,L4P,M,,,,,,,,,,,,,,,,,,,,,,,,,
CRJ1,CR1,Bombardier,CRJ-100,L2J,M,,,,140,,,,2.69,2.69,,,,,,,,,,,,21319,23247,23133,19958,https://www.easa.europa.eu/document-library/type-certificates/aircraft-cs-25-cs-22-cs-23-cs-vla-cs-lsa/easaima673
CRJ2,CR2,Bombardier,CRJ-200,L2J,M,,,,140,,,,2.69,2.69,,,,,,,,,,,,21319,23247,23133,19958,https://www.easa.europa.eu/document-library/type-certificates/aircraft-cs-25-cs-22-cs-23-cs-vla-cs-lsa/easaima673
CRJ7,CR7,Bombardier,CRJ-700,L2J,M,,,,135,,,,2.70,2.70,,,,,,,,,,,,30391,33113,32999,28260,https://www.easa.europa.eu/document-library/type-certificates/aircraft-cs-25-cs-22-cs-23-cs-vla-cs-lsa/easaima673
CRJ9,CR9,Bombardier,CRJ-900,L2J,M,,,,,,,,2.70,2.70,,,,,,,,,,,,33339,36628,36514,31751,https://www.easa.europa.eu/document-library/type-certificates/aircraft-cs-25-cs-22-cs-23-cs-vla-cs-lsa/easaima673
CRJX,CRK,Bombardier,CRJ-1000,L2J,M,,,,,,,,2.70,2.70,,,,,,,,,,,,36968,41050,40823,35153,https://www.easa.europa.eu/document-library/type-certificates/aircraft-cs-25-cs-22-cs-23-cs-vla-cs-lsa/easaima673
CRUZ,,Czech Sport Aircraft,SportCruiser,L1P,L,,,,,,,,,,,,,,,,,,,,,,,,,
CUB2,,Aces High,Cuby 2,L1P,L,,,,,,,,,,,,,,,,,,,,,,,,,
D11,,Jodel,D.11,L1P,L,,,,,,,,,,,,,,,,,,,,,,,,,
D228,D28,Dornier,Do 228,L2T,L,,,,,,,,,,,,,,,,,,,,,,,,,
D28D,,Dornier,Do 28D Skyservant,L2P,L,,,,,,,,,,,,,,,,,,,,,,,,,
D28T,,Dornier,Do 28 Turbo Skyservant,L2T,L,,,,,,,,,,,,,,,,,,,,,,,,,
D328,D38,Dornier,Do 328-100,L2T,M,,,,,,,,,,,,,,,,,,,,,,,,,
DC10,D10,McDonnell Douglas,DC-10,L3J,H,,,,138,,,,,,,,,,,,,,,,,,,,,
DC2,,Douglas,DC-2,L2P,M,,,,,,,,,,,,,,,,,,,,,,,,,
DC3,D3F,Douglas,DC-3,L2P,M,,,,77,,,,,,,,,,,,,,,,,,,,,
DC3S,,Douglas,Super DC-3,L2P,M,,,,,,,,,,,,,,,,,,,,,,,,,
DC3T,,Douglas,DC-3 (turbine),L2T,M,,,,77,,,,,,,,,,,,,,,,,,,,,
DC4,,Douglas,DC-4,L4P,M,,,,94,,,,,,,,,,,,,,,,,,,,,
DC6,D6F,Douglas,DC-6,L4P,M,,,,108,,,,,,,,,,,,,,,,,,,,,
DC7,,Douglas,DC-7,L4P,M,,,,110,,,,,,,,,,,,,,,,,,,,,
DC85,D8T,McDonnell Douglas,DC-8-50,L4J,H,,,,137,,,,,,,,,,,,,,,,,,,,,
DC86,D8L,McDonnell Douglas,DC-8-60,L4J,H,,,,,,,,,,,,,,,,,,,,,,,,,
DC87,D8Q,McDonnell Douglas,DC-8-70,L4J,H,,,,,,,,,,,,,,,,,,,,,,,,,
DC91,D91,McDonnell Douglas,DC-9-10,L2J,M,,,,132,,,,,,,,,,,,,,,,,,,,,
DC92,D92,McDonnell Douglas,DC-9-20,L2J,M,,,,126,,,,,,,,,,,,,,,,,,,,,
DC93,D93,McDonnell Douglas,DC-9-30,L2J,M,,,,132,,,,,,,,,,,,,,,,,,,,,
DC94,D94,McDonnell Douglas,DC-9-40,L2J,M,,,,132,,,,,,,,,,,,,,,,,,,,,
DC95,D95,McDonnell Douglas,DC-9-50,L2J,M,,,,132,,,,,,,,,,,,,,,,,,,,,
DH2T,,De Havilland Canada,DHC-2 Turbo Beaver,L1T,L,,,,,,,,,,,,,,,,,,,,,,,,,
DH3T,,De Havilland Canada,DHC-3 Turbo Otter,L1T,L,,,,,,,,,,,,,,,,,,,,,,,,,
DH60,,De Havilland,DH-60 Moth,L1P,L,,,,,,,,,,,,,,,,,,,,,,,,,
DH80,,De Havilland,DH-80 Puss Moth,L1P,L,,,,,,,,,,,,,,,,,,,,,,,,,
DH82,,De Havilland,DH-82 Tiger Moth,L1P,L,,,,,,,,,,,,,,,,,,,,,,,,,
DH83,,De Havilland,DH-83 Fox Moth,L1P,L,,,,,,,,,,,,,,,,,,,,,,,,,
DH85,,De Havilland,DH-85 Leopard Moth,L1P,L,,,,,,,,,,,,,,,,,,,,,,,,,
DH87,,De Havilland,DH-87 Hornet Moth,L1P,L,,,,,,,,,,,,,,,,,,,,,,,,,
DH88,,De Havilland,DH-88 Comet,L2P,L,,,,,,,,,,,,,,,,,,,,,,,,,
DH89,,De Havilland,DH-89 Dragon Rapide,L2P,L,,,,,,,,,,,,,,,,,,,,,,,,,
DH8A,DH1,De Havilland Canada,DHC-8-100 Dash 8,L2T,M,,,,,,,,,,,,,,,,,,,,,,,,,
DH8B,DH2,De Havilland Canada,DHC-8-200 Dash 8,L2T,M,,,,,,,,,,,,,,,,,,,,,,,,,
DH8C,DH3,De Havilland Canada,DHC-8-300 Dash 8,L2T,M,,,,,,,,,,,,,,,,,,,,,,,,,
DH8D,DH4,De Havilland Canada,DHC-8-400 Dash 8,L2T,M,,,,,,,,,,,,,,,,,,,,,,,,,
DH90,,De Havilland,DH-90 Dragonfly,L2P,L,,,,,,,,,,,,,,,,,,,,,,,,,
DH94,,De Havilland,DH-94 Moth Minor,L1P,L,,,,,,,,,,,,,,,,,,,,,,,,,
DHA3,,De Havilland Canada,DHA-3 Drover,L3P,L,,,,,,,,,,,,,,,,,,,,,,,,,
DHC1,,De Havilland Canada,DHC-1 Chipmunk,L1P,L,,,,,,,,,,,,,,,,,,,,,,,,,
DHC2,,De Havilland Canada,DHC-2 Beaver,L1P,L,,,,,,,,,,,,,,,,,,,,,,,,,
DHC3,,De Havilland Canada,DHC-3 Otter,L1P,L,,,,,,,,,,,,,,,,,,,,,,,,,
DHC4,,De Havilland Canada,DHC-4 Caribou,L2P,M,,,,,,,,,,,,,,,,,,,,,,,,,
DHC5,,De Havilland Canada,DHC-5 Buffalo,L2T,M,,,,,,,,,,,,,,,,,,,,,,,,,
DHC6,,De Havilland Canada,DHC-6 Twin Otter,L2T,L,,,,,,,,,,,,,,,,,,,,,,,,,
DHC7,DH7,De Havilland Canada,DHC-7 Dash 7,L4T,M,,,,,,,,,,,,,,,,,,,,,,,,,
DO27,,Dornier,Do 27,L1P,L,,,,,,,,,,,,,,,,,,,,,,,,,
DO28,,Dornier,Do 28,L2P,L,,,,,,,,,,,,,,,,,,,,,,,,,
DOVE,,De Havilland,DH-104 Dove,L2P,L,,,,,,,,,,,,,,,,,,,,,,,,,
E110,EMB,Embraer,EMB-110 Bandeirante,L2T,L,,,,92,,,,,,,,,,,,,,,,,,,,,
E120,EM2,Embraer,EMB-120 Brasilia,L2T,M,,,,113,,,,,,,,,,,,,,,,,,,,,
E121,,Embraer,EMB-121 Xingu,L2T,L,,,,99,,,,,,,,,,,,,,,,,,,,,
E135,ERD,Embraer,ERJ-135,L2J,M,,,,124,,,,,,,,,,,,,,,,,,,,,
E145,ER4,Embraer,ERJ-145,L2J,M,,,,124,,,,,,,,,,,,,,,,,,,,,
E170,E70,Embraer,E170,L2J,M,,,,124,,,,,,,,,,,,,,,,,,,,,
E190,E90,Embraer,E190,L2J,M,,,,124,,,,,,,,,,,,,,,,,,,,,
E195,E95,Embraer,E195,L2J,M,,,,,,,,,,,,,,,,,,,,,,,,,
E2,,Grumman,E-2 Hawkeye,L2T,M,,,,,,,,,,,,,,,,,,,,,,,,,
E314,,Embraer,EMB-314 Super Tucano,L1T,L,,,,104,,,,,,,,,,,,,,,,,,,,,
E350,,Cessna,E350,L1T,L,,,,,,,,,,,,,,,,,,,,,,,,,
E35L,ER3,Embraer,EMB-135BJ Legacy 600,L2J,M,,,,124,,,,,,,,,,,,,,,,,,,,,
E3CF,,Boeing,E-3 Sentry (CFM56 engines),L4J,H,,,,,,,,,,,,,,,,,,,,,,,,,
E3TF,,Boeing,E-3 Sentry (TF33 engines),L4J,H,,,,,,,,,,,,,,,,,,,,,,,,,
E45X,,Embraer,ERJ-145XR,L2J,M,,,,124,,,,,,,,,,,,,,,,,,,,,
E50P,EP1,Embraer,EMB-500 Phenom 100,L2J,L,,,,100,,,,,,,,,,,,,,,,,,,,,
E530,,Cessna,E530,L2J,M,,,,,,,,,,,,,,,,,,,,,,,,,
E545,,Embraer,EMB-545 Legacy 450,L2J,M,,,,,,,,,,,,,,,,,,,,,,,,,
E550,,Embraer,EMB-550 Legacy 500,L2J,M,,,,,,,,,,,,,,,,,,,,,,,,,
E55P,EP3,Embraer,EMB-505 Phenom 300,L2J,M,,,,116,,,,,,,,,,,,,,,,,,,,,
E6,,Boeing,E-6 Mercury,L4J,H,,,,,,,,,,,,,,,,,,,,,,,,,
E737,,Boeing,E-7A Wedgetail,L2J,M,,,,,,,,,,,,,,,,,,,,,,,,,
E75L,E7W,Embraer,E175 (Long wings),L2J,M,,,,,,,,,,,,,,,,,,,,,,,,,
E75S,E7W,Embraer,E175 (Short wings),L2J,M,,,,,,,,,,,,,,,,,,,,,,,,,
E767,,Boeing,E-767,L2J,H,,,,,,,,,,,,,,,,,,,,,,,,,
EC20,,Airbus Helicopters,H120 Colibri,H1T,L,,,,,,,,3.40,1.50,,,,,,,,,,,,,,1715,,https://www.easa.europa.eu/document-library/type-certificates/rotorcraft-cs-29-cs-27-cs-vlr/easar508
EC25,,Airbus Helicopters,H225,H2T,M,,,,,,,,4.97,3.96,,,,,,,,,,,,,,11000,,https://www.easa.europa.eu/document-library/type-certificates/rotorcraft-cs-29-cs-27-cs-vlr/easar002
EC30,,Airbus Helicopters,H130,H1T,L,,,,,,,,3.61,2.03,,,,,,,,,,,,,,2500,,https://www.easa.europa.eu/document-library/type-certificates/rotorcraft-cs-29-cs-27-cs-vlr/easar008
EC35,,Airbus Helicopters,H135,H2T,L,,,,,,,,3.35,1.56,,,,,,,,,,,,,,2980,,https://www.easa.europa.eu/document-library/type-certificates/rotorcraft-cs-29-cs-27-cs-vlr/easar009
EC45,,Airbus Helicopters,H145,H2T,L,,,,,,,,3.45,1.85,,,,,,,,,,,,,,3800,,https://www.easa.europa.eu/document-library/type-certificates/rotorcraft-cs-29-cs-27-cs-vlr/easar010
EC55,,Airbus Helicopters,H155,H2T,L,,,,,,,,4.35,3.48,,,,,,,,,,,,,,4920,,https://www.easa.europa.eu/document-library/type-certificates/rotorcraft-cs-29-cs-27-cs-vlr/easar105
EC75,,Airbus Helicopters,H175,H2T,L,,,,,,,,4.84,3.35,,,,,,,,,,,,,,7800,,https://www.easa.europa.eu/document-library/type-certificates/rotorcraft-cs-29-cs-27-cs-vlr/easar150
EFAN,,Airbus,E-Fan,L2E,L,,,,,,,,,,,,,,,,,,,,,,,,,
EH10,,AgustaWestland,AW101 Merlin,H3T,M,,,,,,,,,,,,,,,,,,,,,,,,,
ERCO,,ERCO,Ercoupe,L1P,L,,,,55,,,,,,,,,,,,,,,,,,,,,
EUFI,,Eurofighter,Typhoon,L2J,M,,,,,,,,,,,,,,,,,,,,,,,,,
EXPL,,MD Helicopters,MD-900 Explorer,H2T,L,,,,,,,,,,,,,,,,,,,,,,,,,
F104,,Lockheed,F-104 Starfighter,L1J,M,,,,,,,,,,,,,,,,,,,,,,,,,
F111,,Grumman,EF-111A Raven,L2J,M,,,,,,,,,,,,,,,,,,,,,,,,,
F117,,Lockheed,F-117 Nighthawk,L2J,M,,,,,,,,,,,,,,,,,,,,,,,,,
F14,,Grumman,F-14 Tomcat,L2J,M,,,,,,,,,,,,,,,,,,,,,,,,,
F15,,McDonnell Douglas,F-15 Eagle,L2J,M,,,,,,,,,,,,,,,,,,,,,,,,,
F156,,Fieseler,Fi 156 Storch,L1P,L,,,,,,,,,,,,,,,,,,,,,,,,,
F16,,General Dynamics,F-16 Fighting Falcon,L1J,M,,,,,,,,,,,,,,,,,,,,,,,,,
F16X,,General Dynamics,F-16XL Fighting Falcon,L1J,M,,,,,,,,,,,,,,,,,,,,,,,,,
F18H,,McDonnell Douglas,F/A-18 Hornet,L2J,M,,,,,,,,,,,,,,,,,,,,,,,,,
F18S,,Boeing,F/A-18E/F Super Hornet,L2J,M,,,,,,,,,,,,,,,,,,,,,,,,,
F22,,Lockheed Martin,F-22 Raptor,L2J,M,,,,,,,,,,,,,,,,,,,,,,,,,
F2TH,D20,Dassault,Falcon 2000,L2J,M,,,,105,,,,,,,,,,,,,,,,,,,,,
F35,,Lockheed Martin,F-35A Lightning II,L1J,M,,,,,,,,,,,,,,,,,,,,,,,,,
F3F,,Grumman,F3F,L1P,L,,,,,,,,,,,,,,,,,,,,,,,,,
F4,,McDonnell Douglas,F-4 Phantom II,L2J,M,,,,,,,,,,,,,,,,,,,,,,,,,
F406,,Cessna,F406 Caravan II,L2T,L,,,,,,,,,,,,,,,,,,,,,,,,,
F5,,Northrop,F-5,L2J,M,,,,,,,,,,,,,,,,,,,,,,,,,
F9F,,Grumman,F9F Panther,L1J,L,,,,,,,,,,,,,,,,,,,,,,,,,
FA5X,,Dassault,Falcon 5X,L2J,M,,,,,,,,,,,,,,,,,,,,,,,,,
FA7X,DF7,Dassault,Falcon 7X,L3J,M,,,,104,,,,,,,,,,,,,,,,,,,,,
FA8X,,Dassault,Falcon 8X,L3J,M,,,,,,,,,,,,,,,,,,,,,,,,,
G159,GRS,Grumman,G-159 Gulfstream I,L2T,M,,,,,,,,,,,,,,,,,,,,,,,,,
G164,,Grumman,G-164 Ag Cat,L1P,L,,,,,,,,,,,,,,,,,,,,,,,,,
G21,,Grumman,G-21 Goose,A2P,L,,,,,,,,,,,,,,,,,,,,,,,,,
G44,,Grumman,G-44 Widgeon,A2P,L,,,,,,,,,,,,,,,,,,,,,,,,,
G64T,,Grumman,G-164 Turbo Ag Cat,L1T,L,,,,,,,,,,,,,,,,,,,,,,,,,
G73,,Grumman,G-73 Mallard,A2P,L,,,,,,,,,,,,,,,,,,,,,,,,,
G73T,,Grumman,G-73T Turbo Mallard,A2T,L,,,,,,,,,,,,,,,,,,,,,,,,,
G96,,Grumman,G-96/C-1 Trader,L2P,M,,,,,,,,,,,,,,,,,,,,,,,,,
G97,,Grumman,G-97 Spotter,L1P,L,,,,,,,,,,,,,,,,,,,,,,,,,
GA7,,Gulfstream American,GA-7 Cougar,L2P,L,,,,82,,,,,,,,,,,,,,,,,,,,,
GL5T,,Bombardier,Global 5000,L2J,M,,,,108,,,,,,,,,,,,,,,,,35652,42071,41957,26308,https://www.easa.europa.eu/document-library/type-certificates/aircraft-cs-25-cs-22-cs-23-cs-vla-cs-lsa/easaima009
GL7T,,Bombardier,Global 7000,L2J,M,,,,,,,,,,,,,,,,,,,,,39735,52208,52095,30617,https://www.easa.europa.eu/document-library/type-certificates/aircraft-cs-25-cs-22-cs-23-cs-vla-cs-lsa/easaima009
GLEX,CCX,Bombardier,Global Express,L2J,M,,,,108,,,,,,,,,,,,,,,,,35652,45246,45132,26308,https://www.easa.europa.eu/document-library/type-certificates/aircraft-cs-25-cs-22-cs-23-cs-vla-cs-lsa/easaima009
GLF2,,Grumman,G-1159 Gulfstream II,L2J,M,,,,125,,,,,,,,,,,,,,,,,,,,,
H160,,Airbus Helicopters,H160,H2T,L,,,,,,,,4.91,3.54,,,,,,,,,,,,,,6050,,https://www.easa.europa.eu/document-library/type-certificates/rotorcraft-cs-29-cs-27-cs-vlr/easar516
H25B,H25,British Aerospace,BAe 125-700,L2J,M,,,,,,,,,,,,,,,,,,,,,,,,,
H25C,H25,British Aerospace,BAe 125-1000,L2J,M,,,,,,,,,,,,,,,,,,,,,,,,,
H269,,Hughes,269/TH-55 Osage,H1P,L,,,,,,,,,,,,,,,,,,,,,,,,,
H46,,Boeing,CH-46 Sea Knight,H2T,M,,,,,,,,,,,,,,,,,,,,,,,,,
H47,,Boeing,CH-47 Chinook,H2T,M,,,,,,,,,,,,,,,,,,,,,,,,,
H500,,MD Helicopters,MD-500,H1T,L,,,,,,,,,,,,,,,,,,,,,,,,,
H53,,Sikorsky,CH-53 Sea Stallion,H2T,M,,,,,,,,,,,,,,,,,,,,,,,,,
H53S,,Sikorsky,CH-53E Super Stallion,H3T,M,,,,,,,,,,,,,,,,,,,,,,,,,
H60,,Sikorsky,H-60,H2T,M,,,,,,,,,,,,,,,,,,,,,,,,,
H64,,Boeing,AH-64 Apache,H2T,M,,,,,,,,,,,,,,,,,,,,,,,,,
HAR,,McDonnell Douglas,AV-8B Harrier II,L1J,M,,,,,,,,,,,,,,,,,,,,,,,,,
HAWK,,British Aerospace,Hawk,L1J,M,,,,,,,,,,,,,,,,,,,,,,,,,
HCAT,,Grumman,F6F Hellcat,L1P,L,,,,,,,,,,,,,,,,,,,,,,,,,
HERN,,De Havilland,DH-114 Heron,L4P,L,,,,,,,,,,,,,,,,,,,,,,,,,
HRNT,,Australian Aircraft Kits,Hornet,L1P,L,,,,46,,,,,,,,,,,,,,,,,,,,,
HUCO,,Bell,AH-1 HueyCobra,H1T,L,,,,,,,,,,,,,,,,,,,,,,,,,
IPAN,,Embraer,EMB 200 Ipanema,L1P,L,,,,65,,,,,,,,,,,,,,,,,,,,,
J2,,Piper,J-2 Cub,L1P,L,,,,,,,,,,,,,,,,,,,,,,,,,
J3,,Piper,J-3 Cub,L1P,L,,,,43,,,,,,,,,,,,,,,,,,,,,
J328,,Dornier,Do 328-300,L2J,M,,,,,,,,,,,,,,,,,,,,,,,,,
J4,,Piper,J-4 Cub Coupe,L1P,L,,,,,,,,,,,,,,,,,,,,,,,,,
J5,,Piper,J-5 Cub Cruiser,L1P,L,,,,,,,,,,,,,,,,,,,,,,,,,
JCRU,,AASI,Jetcruzer,L1T,L,,,,,,,,,,,,,,,,,,,,,,,,,
JPRO,,BAC,145 Jet Provost,L1J,L,,,,,,,,,,,,,,,,,,,,,,,,,
JS31,J31,British Aerospace,BAe-3100 Jetstream 31,L2T,M,,,,,,,,,,,,,,,,,,,,,,,,,
JS32,J32,British Aerospace,BAe-3200 Jetstream 32,L2T,M,,,,,,,,,,,,,,,,,,,,,,,,,
JS41,J41,British Aerospace,BAe-4100 Jetstream 41,L2T,M,,,,,,,,,,,,,,,,,,,,,,,,,
K35E,,Boeing,KC-135 Stratotanker (TF33 engines),L4J,H,,,,,,,,,,,,,,,,,,,,,,,,,
K35R,,Boeing,KC-135 Stratotanker (CFM56 engines),L4J,H,,,,,,,,,,,,,,,,,,,,,,,,,
KC39,,Embraer,KC-390,L2J,M,,,,,,,,,,,,,,,,,,,,,,,,,
KE3,,Boeing,KE-3,L4J,H,,,,,,,,,,,,,,,,,,,,,,,,,
L10,,Lockheed,L-10 Electra,L2P,L,,,,,,,,,,,,,,,,,,,,,,,,,
L101,L10,Lockheed,L-1011 TriStar,L3J,H,,,,138,,,,,,,,,,,,,,,,,,,,,
L12,,Lockheed,L-12 Electra Junior,L2P,L,,,,,,,,,,,,,,,,,,,,,,,,,
L14,,Lockheed,L-14 Super Electra,L2P,M,,,,,,,,,,,,,,,,,,,,,,,,,
L159,,Aero Vodochody,L-159 Alca,L1J,M,,,,,,,,,,,,,,,,,,,,,,,,,
L18,,Lockheed,L-18 Lodestar,L2P,M,,,,,,,,,,,,,,,,,,,,,,,,,
L188,LOE,Lockheed,L-188 Electra,L4T,M,,,,,,,,,,,,,,,,,,,,,,,,,
L29,,Aero Vodochody,L-29 Delfin,L1J,L,,,,,,,,,,,,,,,,,,,,,,,,,
L29A,,Lockheed,L-1329 Jetstar,L4J,M,,,,132,,,,,,,,,,,,,,,,,,,,,
L29B,,Lockheed,L-1329 Jetstar II,L4J,M,,,,,,,,,,,,,,,,,,,,,,,,,
L37,,Lockheed,Ventura,L2P,M,,,,,,,,,,,,,,,,,,,,,,,,,
L39,,Aero Vodochody,L-39 Albatros,L1J,L,,,,,,,,,,,,,,,,,,,,,,,,,
L59,,Aero Vodochody,L-59 Super Albatros,L1J,L,,,,,,,,,,,,,,,,,,,,,,,,,
L60,,Aero Vodochody,L-60 Brigadyr,L1P,L,,,,,,,,,,,,,,,,,,,,,,,,,
L90,,Aermacchi,M-290 RediGO,L1T,L,,,,,,,,,,,,,,,,,,,,,,,,,
LA60,,Aermacchi,AL-60,L1P,L,,,,61,,,,,,,,,,,,,,,,,,,,,
LANC,,Avro,683 Lancaster,L4P,M,,,,,,,,,,,,,,,,,,,,,,,,,
LJ24,,Learjet,24,L2J,L,,,,,,,,,,,,,,,,,,,,,,,,,
LJ25,,Learjet,25,L2J,L,,,,,,,,,,,,,,,,,,,,,,,,,
LJ31,,Learjet,31,L2J,M,,,,,,,,,,,,,,,,,,,,,,,,,
LJ35,,Learjet,35,L2J,M,,,,,,,,,,,,,,,,,,,,,,,,,
LJ40,,Learjet,40,L2J,M,,,,,,,,,,,,,,,,,,,,,,,,,
LJ45,,Learjet,45,L2J,M,,,,,,,,,,,,,,,,,,,,,,,,,
LJ55,,Learjet,55,L2J,M,,,,,,,,,,,,,,,,,,,,,,,,,
LJ60,,Learjet,60,L2J,M,,,,,,,,,,,,,,,,,,,,,,,,,
LJ75,,Learjet,75,L2J,M,,,,,,,,,,,,,,,,,,,,,,,,,
LTNG,,English Electric,Lightning,L2J,M,,,,,,,,,,,,,,,,,,,,,,,,,
M10,,Mooney,M-10 Cadet,L1P,L,,,,52,,,,,,,,,,,,,,,,,,,,,
M10F,,Mooney,M-10T,L1P,L,,,,,,,,,,,,,,,,,,,,,,,,,
M10R,,Mooney,M-10J,L1P,L,,,,,,,,,,,,,,,,,,,,,,,,,
M20P,,Mooney,M20,L1P,L,,,,65,,,,,,,,,,,,,,,,,,,,,
M20T,,Mooney,M20 Turbo,L1P,L,,,,77,,,,,,,,,,,,,,,,,,,,,
M22,,Mooney,M-22 Mustang,L1P,L,,,,78,,,,,,,,,,,,,,,,,,,,,
M308,,Aermacchi,MB-308,L1P,L,,,,,,,,,,,,,,,,,,,,,,,,,
M326,,Aermacchi,MB-326,L1J,L,,,,103,,,,,,,,,,,,,,,,,,,,,
M339,,Aermacchi,MB-339,L1J,L,,,,,,,,,,,,,,,,,,,,,,,,,
M346,,Aermacchi,M-346 Master,L1J,M,,,,,,,,,,,,,,,,,,,,,,,,,
M600,,Piper,PA-46-600TP,L1T,L,,,,,,,,,,,,,,,,,,,,,,,,,
MD11,M11,McDonnell Douglas,MD-11,L3J,H,,,,,,,,,,,,,,,,,,,,,,,,,
MD52,,MD Helicopters,MD-520,H1T,L,,,,,,,,,,,,,,,,,,,,,,,,,
MD60,,MD Helicopters,MD-600,H1T,L,,,,,,,,,,,,,,,,,,,,,,,,,
MD81,M81,McDonnell Douglas,MD-81,L2J,M,,,,,,,,,,,,,,,,,,,,,,,,,
MD82,M82,McDonnell Douglas,MD-82,L2J,M,,,,134,,,,,,,,,,,,,,,,,,,,,
MD83,M83,McDonnell Douglas,MD-83,L2J,M,,,,144,,,,,,,,,,,,,,,,,,,,,
MD87,M87,McDonnell Douglas,MD-87,L2J,M,,,,,,,,,,,,,,,,,,,,,,,,,
MD88,M88,McDonnell Douglas,MD-88,L2J,M,,,,144,,,,,,,,,,,,,,,,,,,,,
MD90,M90,McDonnell Douglas,MD-90,L2J,M,,,,138,,,,,,,,,,,,,,,,,,,,,
ME08,,Messerschmitt,Bf 108 Taifun,L1P,L,,,,,,,,,,,,,,,,,,,,,,,,,
ME09,,Messerschmitt,Bf 109,L1P,L,,,,,,,,,,,,,,,,,,,,,,,,,
ME62,,Messerschmitt,Me 262 Schwalbe,L2J,L,,,,,,,,,,,,,,,,,,,,,,,,,
MG15,,Mikoyan-Gurevich,MiG-15,L1J,L,,,,,,,,,,,,,,,,,,,,,,,,,
MG17,,Mikoyan-Gurevich,MiG-17,L1J,L,,,,,,,,,,,,,,,,,,,,,,,,,
MG19,,Mikoyan-Gurevich,MiG-19,L2J,M,,,,,,,,,,,,,,,,,,,,,,,,,
MG21,,Mikoyan-Gurevich,MiG-21,L1J,M,,,,,,,,,,,,,,,,,,,,,,,,,
MG23,,Mikoyan-Gurevich,MiG-23,L1J,M,,,,,,,,,,,,,,,,,,,,,,,,,
MG25,,Mikoyan-Gurevich,MiG-25,L2J,M,,,,,,,,,,,,,,,,,,,,,,,,,
MG29,,Mikoyan-Gurevich,MiG-29,L2J,M,,,,,,,,,,,,,,,,,,,,,,,,,
MG31,,Mikoyan-Gurevich,MiG-31,L2J,M,,,,,,,,,,,,,,,,,,,,,,,,,
MG44,,Mikoyan-Gurevich,MiG 1.44 Flatpack,L2J,M,,,,,,,,,,,,,,,,,,,,,,,,,
MGAT,,Mikoyan-Gurevich,MiG-AT,L1J,L,,,,,,,,,,,,,,,,,,,,,,,,,
MIR2,,Dassault,Mirage 2000,L1J,M,,,,175,,,,,,,,,,,,,,,,,,,,,
MIRA,,Dassault,Mirage,L1J,M,,,,,,,,,,,,,,,,,,,,,,,,,
MITE,,Mooney,M-18 Mite,L1P,L,,,,51,,,,,,,,,,,,,,,,,,,,,
MOSQ,,De Havilland,DH-98 Mosquito,L2P,M,,,,,,,,,,,,,,,,,,,,,,,,,
MRF1,,Dassault,Mirage F1,L1J,M,,,,,,,,,,,,,,,,,,,,,,,,,
MS23,,Morane-Saulnier,MS.230,L1P,L,,,,,,,,,,,,,,,,,,,,,,,,,
MS31,,Morane-Saulnier,MS.315,L1P,L,,,,,,,,,,,,,,,,,,,,,,,,,
MS73,,Morane-Saulnier,MS.733 Alcyon,L1P,L,,,,,,,,,,,,,,,,,,,,,,,,,
MS76,,Morane-Saulnier,MS.760 Paris,L2J,L,,,,,,,,,,,,,,,,,,,,,,,,,
MSAI,,Morane-Saulnier,AI,L1P,L,,,,,,,,,,,,,,,,,,,,,,,,,
NMCU,,ENAER,Ñamcú,L1P,L,,,,,,,,,,,,,,,,,,,,,,,,,
O1,,Cessna,O-1 Bird Dog,L1P,L,,,,,,,,,,,,,,,,,,,,,,,,,
O3,,Lockheed,YO-3 Quiet Star,L1P,L,,,,,,,,,,,,,,,,,,,,,,,,,
P2,,Lockheed,P-2 Neptune,L2P,M,,,,,,,,,,,,,,,,,,,,,,,,,
P210,,Cessna,P210 Pressurized Centurion,L1P,L,,,,,,,,,,,,,,,,,,,,,,,,,
P28A,,Piper,PA-28-100 Cherokee,L1P,L,,,,60,,,,,,,,,,,,,,,,,,,,,
P28B,,Piper,PA-28-200 Cherokee,L1P,L,,,,62,,,,,,,,,,,,,,,,,,,,,
P28R,,Piper,PA-28R Arrow,L1P,L,,,,73,,,,,,,,,,,,,,,,,,,,,
P28S,,Piper,PA-28R Turbo Arrow III,L1P,L,,,,,,,,,,,,,,,,,,,,,,,,,
P28T,,Piper,PA-28RT Arrow IV,L1P,L,,,,73,,,,,,,,,,,,,,,,,,,,,
P28U,,Piper,PA-28RT Turbo Arrow IV,L1P,L,,,,,,,,,,,,,,,,,,,,,,,,,
P3,,Lockheed,P-3 Orion,L4T,M,,,,134,,,,,,,,,,,,,,,,,,,,,
P32R,,Piper,PA-32R Lance/Saratoga,L1P,L,,,,,,,,,,,,,,,,,,,,,,,,,
P32T,,Piper,PA-32 Lance II,L1P,L,,,,,,,,,,,,,,,,,,,,,,,,,
P337,,Cessna,P337 Pressurized Skymaster,L2P,L,,,,,,,,,,,,,,,,,,,,,,,,,
P38,,Lockheed,P-38 Lightning,L2P,M,,,,,,,,,,,,,,,,,,,,,,,,,
P39,,Bell,P-39 Airacobra,L1P,L,,,,,,,,,,,,,,,,,,,,,,,,,
P46T,,Piper,PA-46 Malibu,L1T,L,,,,75,,,,,,,,,,,,,,,,,,,,,
P61,,Northrop,P-61 Black Widow,L2P,M,,,,,,,,,,,,,,,,,,,,,,,,,
P63,,Bell,P-63 Kingcobra,L1P,L,,,,,,,,,,,,,,,,,,,,,,,,,
P8,,Boeing,P-8A Poseidon,L2J,M,,,,,,,,,,,,,,,,,,,,,,,,,
PA11,,Piper,PA-11 Cub Special,L1P,L,,,,,,,,,,,,,,,,,,,,,,,,,
PA12,,Piper,PA-12 Super Cruiser,L1P,L,,,,,,,,,,,,,,,,,,,,,,,,,
PA14,,Piper,PA-14 Family Cruiser,L1P,L,,,,,,,,,,,,,,,,,,,,,,,,,
PA15,,Piper,PA-15 Vagabond,L1P,L,,,,,,,,,,,,,,,,,,,,,,,,,
PA16,,Piper,PA-16 Clipper,L1P,L,,,,,,,,,,,,,,,,,,,,,,,,,
PA17,,Piper,PA-17 Vagabond,L1P,L,,,,,,,,,,,,,,,,,,,,,,,,,
PA18,,Piper,PA-18 Super Cub,L1P,L,,,,48,,,,,,,,,,,,,,,,,,,,,
PA20,,Piper,PA-20 Pacer,L1P,L,,,,,,,,,,,,,,,,,,,,,,,,,
PA22,,Piper,PA-22 Colt/Tri-Pacer,L1P,L,,,,,,,,,,,,,,,,,,,,,,,,,
PA23,,Piper,PA-23 Apache,L2P,L,,,,,,,,,,,,,,,,,,,,,,,,,
PA24,,Piper,PA-24 Comanche,L1P,L,,,,75,,,,,,,,,,,,,,,,,,,,,
PA25,,Piper,PA-25 Pawnee,L1P,L,,,,,,,,,,,,,,,,,,,,,,,,,
PA27,,Piper,PA-23 Aztec,L2P,L,,,,,,,,,,,,,,,,,,,,,,,,,
PA30,,Piper,PA-30 Twin Comanche,L2P,L,,,,,,,,,,,,,,,,,,,,,,,,,
PA31,PA2,Piper,PA-31 Navajo,L2P,L,,,,79,,,,,,,,,,,,,,,,,,,,,
PA32,,Piper,PA-32 Cherokee Six/Saratoga,L1P,L,,,,78,,,,,,,,,,,,,,,,,,,,,
PA34,,Piper,PA-34 Seneca,L2P,L,,,,81,,,,,,,,,,,,,,,,,,,,,
PA36,,Piper,PA-36 Pawnee Brave,L1P,L,,,,,,,,,,,,,,,,,,,,,,,,,
PA38,,Piper,PA-38 Tomahawk,L1P,L,,,,,,,,,,,,,,,,,,,,,,,,,
PA44,,Piper,PA-44 Seminole,L2P,L,,,,66,,,,,,,,,,,,,,,,,,,,,
PA46,PAG,Piper,PA-46 Malibu,L1P,L,,,,75,,,,,,,,,,,,,,,,,,,,,
PA47,,Piper,PA-47 PiperJet,L1J,L,,,,,,,,,,,,,,,,,,,,,,,,,
PAT4,,Piper,PA-31T3 Cheyenne,L2T,L,,,,100,,,,,,,,,,,,,,,,,,,,,
PAY1,,Piper,PA-31T Cheyenne,L2T,L,,,,92,,,,,,,,,,,,,,,,,,,,,
PAY2,,Piper,PA-31T Cheyenne II,L2T,L,,,,98,,,,,,,,,,,,,,,,,,,,,
PAY3,,Piper,PA-42 Cheyenne III,L2T,L,,,,113,,,,,,,,,,,,,,,,,,,,,
PAY4,,Piper,PA-42 Cheyenne IV,L2T,L,,,,109,,,,,,,,,,,,,,,,,,,,,
PC12,PL2,Pilatus,PC-12,L1T,L,,,,,,,,,,,,,,,,,,,,,,,,,
PC21,,Pilatus,PC-21,L1T,L,,,,,,,,,,,,,,,,,,,,,,,,,
PC24,PL4,Pilatus,PC-24,L2J,M,,,,,,,,,,,,,,,,,,,,,,,,,
PC6P,,Pilatus,PC-6 Porter,L1P,L,,,,,,,,,,,,,,,,,,,,,,,,,
PC6T,PL6,Pilatus,PC-6 Turbo Porter,L1T,L,,,,,,,,,,,,,,,,,,,,,,,,,
PC7,,Pilatus,PC-7 Turbo Trainer,L1T,L,,,,,,,,,,,,,,,,,,,,,,,,,
PC9,,Pilatus,PC-9,L1T,L,,,,,,,,,,,,,,,,,,,,,,,,,
PILL,,ENAER,T-35 Pillán,L1P,L,,,,,,,,,,,,,,,,,,,,,,,,,
PP2,,Pilatus,P-2,L1P,L,,,,,,,,,,,,,,,,,,,,,,,,,
PP3,,Pilatus,P-3,L1P,L,,,,,,,,,,,,,,,,,,,,,,,,,
Q4,,Northrop Grumman,RQ-4 Global Hawk,L1J,M,,,,,,,,,,,,,,,,,,,,,,,,,
R135,,Boeing,RC-135,L4J,H,,,,,,,,,,,,,,,,,,,,,,,,,
R4,,Sikorsky,R-4 Hoverfly,H1P,L,,,,,,,,,,,,,,,,,,,,,,,,,
R721,,Boeing,727-100RE Super 27,L3J,M,,,,,,,,,,,,,,,,,,,,,,,,,
R722,,Boeing,727-200RE Super 27,L3J,M,,,,,,,,,,,,,,,,,,,,,,,,,
RALL,,Morane-Saulnier,Rallye,L1P,L,,,,,,,,,,,,,,,,,,,,,,,,,
RFAL,,Dassault,Rafale,L2J,M,,,,,,,,,,,,,,,,,,,,,,,,,
RJ1H,AR1,Avro,RJ-100 Avroliner,L4J,M,35000,,,121,404,426,,,,8.61,26.19,77.30,26.34,,,11728,2090,,23820,,32817,34700,34473,29483,https://www.easa.europa.eu/document-library/type-certificates/aircraft-cs-25-cs-22-cs-23-cs-vla-cs-lsa/easaa182
RJ70,AR7,Avro,RJ-70 Avroliner,L4J,M,35000,,,122,404,426,,,,8.61,28.55,77.30,26.34,,,11728,1970,,24600,,35153,40823,40596,32204,https://www.easa.europa.eu/document-library/type-certificates/aircraft-cs-25-cs-22-cs-23-cs-vla-cs-lsa/easaa182
RJ85,AR8,Avro,RJ-85 Avroliner,L4J,M,35000,,,123,404,426,,,,8.61,31.00,77.30,26.34,,,11728,1800,,25640,,37648,43318,43091,35153,https://www.easa.europa.eu/document-library/type-certificates/aircraft-cs-25-cs-22-cs-23-cs-vla-cs-lsa/easaa182
S108,,Stinson,108,L1P,L,,,,,,,,,,,,,,,,,,,,,,,,,
S2P,,Grumman,S-2 Tracker,L2P,M,,,,,,,,,,,,,,,,,,,,,,,,,
S2T,,Grumman,S-2 Turbo Tracker,L2T,M,,,,,,,,,,,,,,,,,,,,,,,,,
S3,,Lockheed,S-3 Viking,L2J,M,,,,,,,,,,,,,,,,,,,,,,,,,
S330,,Schweizer,S-333,H1T,L,,,,,,,,,,,,,,,,,,,,,,,,,
S38,,Sikorsky,S-38,A2P,L,,,,,,,,,,,,,,,,,,,,,,,,,
S39,,Sikorsky,S-39,A1P,L,,,,,,,,,,,,,,,,,,,,,,,,,
S434,,Sikorsky,S-434,H1T,L,,,,,,,,,,,,,,,,,,,,,,,,,
S51,,Sikorsky,H-5,H1P,L,,,,,,,,,,,,,,,,,,,,,,,,,
S52,,Sikorsky,S-52,H1P,L,,,,,,,,,,,,,,,,,,,,,,,,,
S55P,,Sikorsky,S-55/H-19 Chickasaw,H1P,L,,,,,,,,,,,,,,,,,,,,,,,,,
S55T,,Sikorsky,S-55T,H1T,L,,,,,,,,,,,,,,,,,,,,,,,,,
S58P,,Sikorsky,S-58/H-34,H1P,L,,,,,,,,,,,,,,,,,,,,,,,,,
S58T,S58,Sikorsky,S-58T,H1T,L,,,,,,,,,,,,,,,,,,,,,,,,,
S61,S61,Sikorsky,S-61/SH-3 Sea King,H2T,M,,,,,,,,,,,,,,,,,,,,,,,,,
S61R,,Sikorsky,S-61R/HH-3 Pelican,H2T,M,,,,,,,,,,,,,,,,,,,,,,,,,
S62,,Sikorsky,S-62/HH-52 Seaguard,H1T,L,,,,,,,,,,,,,,,,,,,,,,,,,
S64,,Sikorsky,S-64 Skycrane/CH-54 Tarhe,H2T,M,,,,,,,,,,,,,,,,,,,,,,,,,
S76,S76,Sikorsky,S-76/H-76 Eagle,H2T,L,,,,,,,,,,,,,,,,,,,,,,,,,
S92,S92,Sikorsky,S-92/H-92 Superhawk,H2T,M,,,,,,,,,,,,,,,,,,,,,,,,,
S97,,Sikorsky,S-97 Raider,H1T,L,,,,,,,,,,,,,,,,,,,,,,,,,
SAVA,,Sadler,Vampire,L1P,L,,,,,,,,,,,,,,,,,,,,,,,,,
SBD,,Douglas,SBD Dauntless,L1P,L,,,,,,,,,,,,,,,,,,,,,,,,,
SF50,,Cirrus,SF50 Vision,L1J,L,,,,,,,,,,,,,,,,,,,,,,,,,
SGUP,,Aero Spacelines,B377SGT Super Guppy,L4T,L,,,,,,,,,,,,,,,,,,,,,,,,,
SHAC,,Avro,696 Shackleton,L4P,M,,,,,,,,,,,,,,,,,,,,,,,,,
SMB2,,Dassault,Super Mystère B2,L1J,M,,,,,,,,,,,,,,,,,,,,,,,,,
SR20,,Cirrus,SR20,L1P,L,,,,,,,,,,,,,,,,,,,,,,,,,
SR22,,Cirrus,SR22,L1P,L,,,,,,,,,,,,,,,,,,,,,,,,,
SR71,,Lockheed,SR-71 Blackbird,L2J,M,,,,,,,,,,,,,,,,,,,,,,,,,
ST75,,Boeing-Stearman,Model 75,L1P,L,,,,,,,,,,,,,,,,,,,,,,,,,
SUCO,,Bell,YAH-63 SuperCobra,H2T,M,,,,,,,,,,,,,,,,,,,,,,,,,
T134,TU3,Tupolev,Tu-134,L2J,M,,,,,,,,,,,,,,,,,,,,,,,,,
T144,,Tupolev,Tu-144,L4J,H,,,,,,,,,,,,,,,,,,,,,,,,,
T154,TU5,Tupolev,Tu-154,L3J,M,,,,,,,,,,,,,,,,,,,,,,,,,
T160,,Tupolev,Tu-160,L4J,H,,,,,,,,,,,,,,,,,,,,,,,,,
T204,T20,Tupolev,Tu-204,L2J,M,,,,,,,,,,,,,,,,,,,,,,,,,
T206,,Cessna,T206 Turbo Stationair,L1P,L,,,,,,,,,,,,,,,,,,,,,,,,,
T210,,Cessna,T210 Turbo Centurion,L1P,L,,,,,,,,,,,,,,,,,,,,,,,,,
T22M,,Tupolev,Tu-22M,L2J,M,,,,,,,,,,,,,,,,,,,,,,,,,
T33,,Lockheed,T-33 Shooting Star,L1J,M,,,,,,,,,,,,,,,,,,,,,,,,,
T334,,Tupolev,Tu-334,L2J,M,,,,,,,,,,,,,,,,,,,,,,,,,
T34P,,Beechcraft,T-34 Mentor,L1P,L,,,,69,,,,,,,,,,,,,,,,,,,,,
T34T,,Beechcraft,T-34C Turbo Mentor,L1T,L,,,,,,,,,,,,,,,,,,,,,,,,,
T37,,Cessna,T-37 Tweet,L2J,L,,,,,,,,,,,,,,,,,,,,,,,,,
T38,,Northrop,T-38 Talon,L2J,L,,,,,,,,,,,,,,,,,,,,,,,,,
T50,,Cessna,T-50,L2P,L,,,,,,,,,,,,,,,,,,,,,,,,,
TBM,,Grumman,TBM Avenger,L1P,M,,,,,,,,,,,,,,,,,,,,,,,,,
TCAT,,Grumman,F7F Tigercat,L2P,M,,,,,,,,,,,,,,,,,,,,,,,,,
TIGR,,Airbus Helicopters,Tigre,H2T,L,,,,,,,,,,,,,,,,,,,,,,,,,
TPIL,,ENAER,T-35DT Turbo Pillán,L1T,L,,,,,,,,,,,,,,,,,,,,,,,,,
TU16,,Tupolev,Tu-16,L2J,M,,,,,,,,,,,,,,,,,,,,,,,,,
TU22,,Tupolev,Tu-22,L2J,M,,,,,,,,,,,,,,,,,,,,,,,,,
TU4,,Tupolev,Tu-4,L4T,M,,,,,,,,,,,,,,,,,,,,,,,,,
TU95,,Tupolev,Tu-95,L4T,H,,,,,,,,,,,,,,,,,,,,,,,,,
TUCA,,Embraer,EMB-312 Tucano,L1T,L,,,,87,,,,,,,,,,,,,,,,,,,,,
TUTR,,Avro,621 Tutor,L1P,L,,,,,,,,,,,,,,,,,,,,,,,,,
U16,,Grumman,HU-16 Albatross,A2P,M,,,,,,,,,,,,,,,,,,,,,,,,,
U2,,Lockheed,U-2,L1J,M,,,,,,,,,,,,,,,,,,,,,,,,,
U21,,Beechcraft,U-21 Ute,L2T,L,,,,,,,,,,,,,,,,,,,,,,,,,
UH1,,Bell,204/UH-1 Iroquois,H1T,L,,,,,,,,,,,,,,,,,,,,,,,,,
UH1Y,,Bell,UH-1Y Venom,H2T,M,,,,,,,,,,,,,,,,,,,,,,,,,
V1,,Grumman,OV-1 Mohawk,L2T,M,,,,,,,,,,,,,,,,,,,,,,,,,
V22,,Bell/Boeing,V-22 Osprey,T2T,M,,,,,,,,,,,,,,,,,,,,,,,,,
VAMP,,De Havilland,DH-100 Vampire,L1J,L,,,,,,,,,,,,,,,,,,,,,,,,,
VC10,,Vickers,VC-10,L4J,H,,,,,,,,,,,,,,,,,,,,,,,,,
VF35,,Lockheed Martin,F-35B Lightning II,L1J,M,,,,,,,,,,,,,,,,,,,,,,,,,
VNOM,,De Havilland,DH-112 Venom,L1J,M,,,,,,,,,,,,,,,,,,,,,,,,,
WCAT,,Grumman,F4F Wildcat,L1P,L,,,,,,,,,,,,,,,,,,,,,,,,,
WSP,,Australian Aircraft Kits,Wasp,L1P,L,,,,46,,,,,,,,,,,,,,,,,,,,,
X2,,Sikorsky,X-2,H1T,L,,,,,,,,,,,,,,,,,,,,,,,,,
X29,,Grumman,X-29,L1J,M,,,,,,,,,,,,,,,,,,,,,,,,,
X32,,Boeing,X-32,L1J,M,,,,,,,,,,,,,,,,,,,,,,,,,
X47B,,Northrop Grumman,X-47B,L1J,M,,,,,,,,,,,,,,,,,,,,,,,,,
X49,,Piasecki,X-49 SpeedHawk,H2T,M,,,,,,,,,,,,,,,,,,,,,,,,,
X55,,Lockheed Martin,X-55 ACCA,L2J,M,,,,,,,,,,,,,,,,,,,,,,,,,
XV15,,Bell,XV-15,T2T,L,,,,,,,,,,,,,,,,,,,,,,,,,
Y112,,Yakovlev,Yak-112,L1P,L,,,,,,,,,,,,,,,,,,,,,,,,,
Y130,,Yakovlev,Yak-130,L2J,M,,,,,,,,,,,,,,,,,,,,,,,,,
Y141,,Yakovlev,Yak-141,L3J,M,,,,,,,,,,,,,,,,,,,,,,,,,
Y18T,,Yakovlev,Yak-18T,L1P,L,,,,,,,,,,,,,,,,,,,,,,,,,
YAK3,,Yakovlev,Yak-3,L1P,L,,,,,,,,,,,,,,,,,,,,,,,,,
YAK9,,Yakovlev,Yak-9,L1P,L,,,,,,,,,,,,,,,,,,,,,,,,,
YK11,,Yakovlev,Yak-11,L1P,L,,,,,,,,,,,,,,,,,,,,,,,,,
YK12,,Yakovlev,Yak-12,L1P,L,,,,,,,,,,,,,,,,,,,,,,,,,
YK18,,Yakovlev,Yak-18,L1P,L,,,,,,,,,,,,,,,,,,,,,,,,,
YK28,,Yakovlev,Yak-28,L2J,M,,,,,,,,,,,,,,,,,,,,,,,,,
YK30,,Yakovlev,Yak-30,L1J,L,,,,,,,,,,,,,,,,,,,,,,,,,
YK38,,Yakovlev,Yak-38,L3J,M,,,,,,,,,,,,,,,,,,,,,,,,,
YK40,YK4,Yakovlev,Yak-40,L3J,M,,,,,,,,,,,,,,,,,,,,,,,,,
YK42,YK2,Yakovlev,Yak-42,L3J,M,,,,,,,,,,,,,,,,,,,,,,,,,
YK50,,Yakovlev,Yak-50,L1P,L,,,,,,,,,,,,,,,,,,,,,,,,,
YK52,,Yakovlev,Yak-52,L1P,L,,,,,,,,,,,,,,,,,,,,,,,,,
YK53,,Yakovlev,Yak-53,L1P,L,,,,,,,,,,,,,,,,,,,,,,,,,
YK54,,Yakovlev,Yak-54,L1P,L,,,,,,,,,,,,,,,,,,,,,,,,,
YK55,,Yakovlev,Yak-55,L1P,L,,,,,,,,,,,,,,,,,,,,,,,,,
YK58,,Yakovlev,Yak-58,L1P,L,,,,,,,,,,,,,,,,,,,,,,,,,
Z22,,Zlín,Z-22 Junak,L1P,L,,,,,,,,,,,,,,,,,,,,,,,,,
Z26,,Zlín,Z-26 Trener,L1P,L,,,,,,,,,,,,,,,,,,,,,,,,,
Z37P,,Zlín,Z-37 Čmelák,L1P,L,,,,,,,,,,,,,,,,,,,,,,,,,
Z37T,,Zlín,Z-37T Agro-Turbo,L1T,L,,,,,,,,,,,,,,,,,,,,,,,,,
Z42,,Zlín,Z-42,L1P,L,,,,,,,,,,,,,,,,,,,,,970,,970,,https://www.easa.europa.eu/document-library/type-certificates/aircraft-cs-25-cs-22-cs-23-cs-vla-cs-lsa/easaa027
Z43,,Zlín,Z-43,L1P,L,,,,,,,,,,,,,,,,,,,,,1280,,1350,,https://www.easa.europa.eu/document-library/type-certificates/aircraft-cs-25-cs-22-cs-23-cs-vla-cs-lsa/easaa028
Z50,,Zlín,Z-50,L1P,L,,,,,,,,,,,,,,,,,,,,,800,,800,,https://www.easa.europa.eu/document-library/type-certificates/aircraft-cs-25-cs-22-cs-23-cs-vla-cs-lsa/easaa108
